DATE (MM/DD/YYYY),TOT Global CMP22 (vent/cor) [kW-hr/m^2],MAX Global CMP22 (vent/cor) [W/m^2],AVG Tower Dry Bulb Temp [deg C],MAX Tower Dry Bulb Temp [deg C],MIN Tower Dry Bulb Temp [deg C],AVG Tower RH [%],MAX Tower RH [%],MIN Tower RH [%],AVG Total Cloud Cover [%],MAX Total Cloud Cover [%],MIN Total Cloud Cover [%],AVG Station Pressure [mBar],MAX Station Pressure [mBar],MIN Station Pressure [mBar],AVG Precipitation [mm],MAX Precipitation [mm],MIN Precipitation [mm]
11/10/2015,3.7615,609.2910,9.3255,17.3400,0.9400,30.8036,100.1000,11.9900,2.5750,13.0000,-1.0000,808.6485,811.5730,805.3230,0.0002,0.2540,0.0000
11/11/2015,3.6362,627.8900,2.5849,7.6730,-0.6470,59.5851,100.1000,24.4000,7.8511,93.0000,-1.0000,810.9177,817.2620,805.6430,0.0086,0.2540,0.0000
11/12/2015,3.7074,609.1060,3.8294,8.3900,-1.2160,39.3405,68.6400,24.6300,2.3937,47.0000,-1.0000,820.5424,822.0800,816.8480,0.0000,0.0000,0.0000
11/13/2015,3.5960,604.6050,6.1045,15.1300,-2.2920,32.6883,74.8200,11.7300,3.4846,41.0000,-1.0000,819.6849,821.0600,818.4960,0.0000,0.0000,0.0000
11/14/2015,3.6703,604.0380,10.5456,17.7500,3.9480,21.9901,35.2300,10.8100,2.5630,12.0000,-1.0000,817.3260,818.9730,815.5890,0.0000,0.0000,0.0000
11/15/2015,3.4592,606.9990,10.0029,17.0600,5.4490,16.2302,25.9200,8.5300,8.3473,92.0000,-1.0000,809.8073,815.5810,803.6150,0.0000,0.0000,0.0000
11/16/2015,1.0871,711.4230,3.8176,8.1100,-0.6650,53.2368,100.1000,14.7400,33.6812,99.0000,-1.0000,802.5068,806.2060,799.8650,0.0019,0.2540,0.0000
11/17/2015,2.6883,654.8330,1.5626,7.8310,-1.8610,67.6503,100.1000,30.4600,18.3933,97.0000,-1.0000,806.4954,808.5230,802.5110,0.0090,1.0160,0.0000
11/18/2015,3.4057,647.7700,4.0566,9.8700,-2.8020,46.0377,78.5300,22.4200,5.4396,53.0000,-1.0000,806.5462,816.1210,796.8640,0.0000,0.0000,0.0000
11/19/2015,3.4147,599.2720,3.3565,9.5300,-3.3670,45.7820,70.3400,27.6000,2.5007,17.0000,-1.0000,815.0627,816.8160,812.0640,0.0000,0.0000,0.0000
11/20/2015,2.0925,700.6240,2.5671,11.3200,-6.4810,68.1871,100.1000,31.0900,17.6792,99.0000,-1.0000,815.5575,825.5320,809.6620,0.0005,0.2540,0.0000
11/21/2015,3.4161,833.3720,0.3774,8.2300,-9.6400,44.6030,100.1000,7.7240,12.6660,96.0000,-1.0000,820.4915,825.6490,816.7200,0.0023,0.5080,0.0000
11/22/2015,3.3587,560.6070,10.2842,17.5300,3.9800,16.4659,31.0100,8.4000,2.3194,11.0000,-1.0000,817.1439,818.3840,815.3690,0.0000,0.0000,0.0000
11/23/2015,3.2939,600.9110,9.5665,16.2500,4.5430,20.9955,30.9900,11.3200,5.2512,48.0000,-1.0000,815.5522,817.9670,812.4780,0.0000,0.0000,0.0000
11/24/2015,3.1664,582.8800,10.4317,16.4800,5.7040,18.6079,28.9200,11.5300,5.4277,78.0000,-1.0000,810.0673,812.4520,808.2600,0.0000,0.0000,0.0000
11/25/2015,2.0228,681.1240,2.1405,11.1100,-4.5110,56.5531,100.1000,18.2600,18.2135,97.0000,-1.0000,811.4696,815.5200,807.9370,0.0000,0.0000,0.0000
11/26/2015,0.7136,184.7360,-7.1510,-4.4600,-10.3500,100.1301,100.2000,100.1000,32.0660,97.0000,-1.0000,819.8277,824.7920,815.4270,0.0000,0.0000,0.0000
11/27/2015,1.4636,708.2320,-9.3949,-1.0040,-11.7500,100.1288,100.2000,80.9000,27.4113,98.0000,-1.0000,823.1887,825.1630,819.9130,0.0000,0.0000,0.0000
11/28/2015,2.6460,663.4280,-8.3251,-3.1960,-10.8000,91.7524,100.2000,60.0000,21.1903,97.0000,-1.0000,818.1487,819.9160,817.1840,0.0044,0.5080,0.0000
11/29/2015,1.4250,369.6620,-6.7747,-3.5350,-8.6800,91.9958,100.2000,66.2000,30.9485,97.0000,-1.0000,815.2510,817.1920,812.7400,0.0000,0.0000,0.0000
11/30/2015,3.0739,607.9780,-4.2345,-0.1050,-7.4460,64.2540,100.1000,26.9400,9.6071,77.0000,-1.0000,811.6376,812.8150,809.4890,0.0025,0.5080,0.0000
12/1/2015,1.6727,355.3670,0.7199,3.2890,-3.6660,26.6197,37.4900,17.9500,28.3619,98.0000,-1.0000,812.2972,816.9990,808.0700,0.0000,0.0000,0.0000
12/2/2015,2.7391,626.7250,4.6989,9.8300,-0.8360,24.0982,40.3800,14.7100,5.5479,78.0000,-1.0000,818.7151,820.0070,816.7320,0.0000,0.0000,0.0000
12/3/2015,3.0665,530.3120,4.7859,10.4400,-0.6880,30.8616,54.7900,19.9200,1.9262,9.0000,-1.0000,820.8827,822.9390,818.3340,0.0000,0.0000,0.0000
12/4/2015,2.7530,528.4020,7.3119,16.0800,0.8570,23.6346,56.4600,10.7100,7.1190,79.0000,-1.0000,815.6856,818.3780,813.3690,0.0000,0.0000,0.0000
12/5/2015,2.0155,665.9620,4.1623,8.5300,0.4140,31.6844,58.8400,18.5600,18.6618,99.0000,-1.0000,822.4864,828.3610,816.3440,0.0000,0.0000,0.0000
12/6/2015,2.0215,511.9190,5.6960,12.9200,-0.5950,17.1984,31.1800,4.6280,22.9493,97.0000,-1.0000,823.3827,827.8810,819.9690,0.0000,0.0000,0.0000
12/7/2015,1.7133,497.7320,11.0180,15.5500,5.5800,14.9026,22.5200,7.1540,26.8051,99.0000,-1.0000,816.6277,820.5460,811.9850,0.0000,0.0000,0.0000
12/8/2015,1.4494,595.8220,10.3435,13.6700,7.3200,29.6575,49.0200,21.1100,20.2791,96.0000,-1.0000,814.9308,816.6260,812.0910,0.0000,0.0000,0.0000
12/9/2015,1.4260,376.8810,14.4733,20.0400,8.8900,16.3983,32.3600,6.8980,31.4085,100.0000,-1.0000,810.8204,815.4390,807.2930,0.0000,0.0000,0.0000
12/10/2015,1.9823,540.0480,12.2034,16.8200,6.2670,17.8840,29.0500,9.8700,25.2757,99.0000,-1.0000,807.1276,811.7110,801.7110,0.0000,0.0000,0.0000
12/11/2015,2.0257,605.7200,5.5544,10.8100,0.9250,43.6905,68.1800,19.1300,25.7822,99.0000,-1.0000,804.6063,808.5600,801.1770,0.0000,0.0000,0.0000
12/12/2015,0.5775,141.2440,-2.3236,1.1250,-3.3900,92.3175,100.1000,62.6700,29.5804,96.0000,-1.0000,809.4671,812.7760,807.4470,0.0000,0.0000,0.0000
12/13/2015,2.2658,617.9560,1.3447,9.8800,-6.0950,56.3746,100.1000,18.1400,16.2999,97.0000,-1.0000,806.2950,811.4980,801.6630,0.0044,0.2540,0.0000
12/14/2015,2.8197,568.9200,1.1290,6.1260,-3.2900,60.3969,93.4000,32.5200,2.0788,19.0000,-1.0000,799.8836,801.7530,798.2170,0.0000,0.0000,0.0000
12/15/2015,1.3147,273.4300,-6.1549,-3.0830,-8.1600,87.4304,100.1000,33.3300,31.2739,97.0000,-1.0000,801.7524,806.2070,797.0060,0.0000,0.0000,0.0000
12/16/2015,2.8148,527.7550,-3.3629,1.8830,-7.7020,38.8803,59.9700,19.2300,7.8750,91.0000,-1.0000,808.3150,810.3570,805.6840,0.0011,0.2540,0.0000
12/17/2015,2.0688,745.7360,-7.7032,-3.9590,-11.5200,53.5039,81.8000,21.0500,16.2042,98.0000,-1.0000,813.0600,816.3640,808.9870,0.0000,0.0000,0.0000
12/18/2015,2.8494,611.2500,3.7001,12.6500,-6.5890,34.6542,48.7900,21.6300,10.0653,73.0000,-1.0000,814.5301,817.6320,811.2050,0.0000,0.0000,0.0000
12/19/2015,2.7020,616.2670,7.6481,15.3100,2.2160,27.0606,36.1500,15.5200,8.0175,91.0000,-1.0000,813.4467,816.9110,808.8800,0.0000,0.0000,0.0000
12/20/2015,1.6386,525.7200,4.9151,14.4500,-1.1250,41.4002,100.1000,16.5700,21.5567,99.0000,-1.0000,808.0868,810.0290,805.9370,0.0000,0.0000,0.0000
12/21/2015,2.7336,586.0300,3.2829,7.4240,-0.5630,34.9131,47.0600,22.1300,5.8330,60.0000,-1.0000,807.7047,811.5920,801.0970,0.0000,0.0000,0.0000
12/22/2015,2.6279,532.3470,4.0424,10.5700,-1.9500,49.4008,81.2000,28.1900,6.3250,96.0000,-1.0000,796.8104,801.0770,793.9660,0.0000,0.0000,0.0000
12/23/2015,2.3891,541.1560,-0.6420,4.7980,-5.2090,40.9439,82.2000,16.8400,12.3876,97.0000,-1.0000,798.6184,803.8550,796.0600,0.0000,0.0000,0.0000
12/24/2015,2.8424,524.2590,-3.3969,2.6920,-7.3690,27.2537,41.8400,10.7800,6.1542,86.0000,-1.0000,808.1844,810.6700,803.6430,0.0000,0.0000,0.0000
12/25/2015,0.8141,247.7200,-5.3014,-2.7170,-7.9720,68.9827,100.2000,34.8400,30.5965,97.0000,-1.0000,806.8233,810.8060,803.6380,0.0000,0.0000,0.0000
12/26/2015,2.1370,475.3300,-8.9638,-4.8620,-11.5500,77.7264,100.2000,53.5200,19.8727,97.0000,-1.0000,820.4323,827.5340,810.7940,0.0021,0.5080,0.0000
12/27/2015,3.0022,526.4940,-8.0711,-2.0000,-11.7600,56.7261,81.1000,35.9900,1.7387,10.0000,-1.0000,814.2073,826.8250,791.5060,0.0004,0.2540,0.0000
12/28/2015,2.7591,529.1970,-7.5890,1.3650,-12.5100,64.8032,84.0000,31.5100,4.1618,66.0000,-1.0000,803.0672,828.0650,790.5630,0.0000,0.0000,0.0000
12/29/2015,2.5702,593.0170,-7.7901,-3.8700,-12.0200,56.2448,74.1400,42.5500,7.5090,89.0000,-1.0000,810.2965,813.0190,806.7300,0.0000,0.0000,0.0000
12/30/2015,2.5612,599.5930,-7.9763,-1.9700,-12.0900,59.7656,75.3000,40.1300,11.8042,93.0000,-1.0000,815.0072,818.4190,812.5090,0.0000,0.0000,0.0000
12/31/2015,2.6045,623.5530,-8.5019,-2.3590,-12.2800,60.2466,74.7700,45.7900,11.2125,99.0000,-1.0000,822.2262,825.3840,818.1410,0.0000,0.0000,0.0000
1/1/2016,3.1137,539.4600,-4.3312,3.9080,-12.0400,30.8286,61.2400,13.4200,1.9007,11.0000,-1.0000,823.6478,824.6520,822.3180,0.0000,0.0000,0.0000
1/2/2016,3.0632,545.4640,0.3561,7.8740,-5.1080,20.0155,31.4900,8.4500,2.3201,13.0000,-1.0000,822.4169,823.5910,821.6730,0.0000,0.0000,0.0000
1/3/2016,2.9419,517.9660,2.6091,10.4400,-3.6690,30.4364,47.4600,15.6500,2.2632,14.0000,-1.0000,821.8481,823.1630,820.3270,0.0000,0.0000,0.0000
1/4/2016,2.8247,525.5880,2.8839,9.9800,-0.9040,40.1323,56.9400,23.0500,3.2715,19.0000,-1.0000,815.7132,820.3270,811.9470,0.0000,0.0000,0.0000
1/5/2016,2.9291,520.0350,4.0622,8.9500,0.5840,33.4792,48.5600,21.7600,1.9833,16.0000,-1.0000,810.3244,811.9400,809.1530,0.0000,0.0000,0.0000
1/6/2016,2.6425,562.5600,2.9167,8.7400,-0.8660,43.0706,59.8400,26.5500,8.3590,55.0000,-1.0000,808.1892,809.7540,806.3810,0.0000,0.0000,0.0000
1/7/2016,1.7087,373.9890,0.4394,3.2030,-1.7380,73.1675,100.1000,48.2700,30.5785,99.0000,-1.0000,806.2575,807.2610,804.8460,0.0000,0.0000,0.0000
1/8/2016,1.3287,399.4040,-5.1331,-1.4360,-7.6490,99.9512,100.2000,82.6000,29.1715,98.0000,-1.0000,810.2300,813.0610,806.6020,0.0011,0.2540,0.0000
1/9/2016,2.8426,604.0320,-5.6644,0.9330,-10.5800,79.9303,100.2000,46.1700,6.4660,85.0000,-1.0000,813.8877,815.8090,812.2640,0.0028,1.5240,0.0000
1/10/2016,3.1954,541.4090,-4.2969,2.9830,-11.6500,57.9497,100.2000,20.6400,1.7236,9.0000,-1.0000,814.3424,815.7170,813.0150,0.0000,0.0000,0.0000
1/11/2016,2.7464,604.2850,1.3432,7.3180,-5.8250,21.2353,41.2600,8.7000,15.9444,97.0000,-1.0000,814.5584,816.2790,812.6920,0.0000,0.0000,0.0000
1/12/2016,2.5608,631.8260,5.5356,11.3800,0.6050,14.7428,33.9200,4.3300,10.4875,92.0000,-1.0000,816.8639,818.8150,814.8420,0.0000,0.0000,0.0000
1/13/2016,2.5619,749.4680,7.5651,13.1700,3.1860,22.1519,38.7000,8.6400,20.0368,99.0000,-1.0000,812.5482,817.1800,807.3130,0.0000,0.0000,0.0000
1/14/2016,3.2938,569.4430,3.7663,7.2780,-1.1420,24.8067,43.8900,7.4350,2.4493,18.0000,-1.0000,806.0167,807.7800,802.1220,0.0000,0.0000,0.0000
1/15/2016,2.2670,626.5830,-2.0035,2.4010,-7.1920,48.2982,79.8500,27.3400,19.0431,98.0000,-1.0000,807.6473,811.6540,805.7780,0.0000,0.0000,0.0000
1/16/2016,2.7965,844.6080,-1.7620,3.9200,-7.2510,36.0005,79.8400,19.5900,11.4764,94.0000,-1.0000,811.4963,814.3320,809.6180,0.0000,0.0000,0.0000
1/17/2016,3.1671,558.2210,-0.7406,6.7560,-9.5600,47.1881,100.2000,25.5000,3.8069,53.0000,-1.0000,813.5695,816.2910,809.9520,0.0000,0.0000,0.0000
1/18/2016,2.1494,691.2500,5.6833,11.6200,0.2570,31.9184,41.3600,21.9100,25.5289,98.0000,-1.0000,813.1421,815.6670,811.3450,0.0000,0.0000,0.0000
1/19/2016,3.1540,570.7780,2.2436,5.8570,-1.3590,59.7651,100.1000,31.6100,4.8796,70.0000,-1.0000,816.5056,820.3180,812.4760,0.0012,0.2540,0.0000
1/20/2016,2.7963,712.6080,3.6706,9.3200,-0.3500,30.6913,44.9200,19.5700,26.7056,96.0000,-1.0000,811.8945,817.7980,808.4440,0.0000,0.0000,0.0000
1/21/2016,3.4285,630.9440,0.6872,6.2070,-2.7980,34.8632,51.6900,18.2900,2.1368,18.0000,-1.0000,821.4089,823.4380,817.7450,0.0000,0.0000,0.0000
1/22/2016,3.1380,622.0510,6.6317,14.1400,-2.2510,33.3108,50.0300,22.1500,5.9146,62.0000,-1.0000,819.0861,821.5500,815.5660,0.0000,0.0000,0.0000
1/23/2016,2.7913,627.1920,8.9834,15.5100,2.5290,20.4231,43.3800,9.9500,7.3444,53.0000,-1.0000,812.9208,815.5570,809.0650,0.0000,0.0000,0.0000
1/24/2016,2.7251,588.3670,3.6256,10.5500,-0.3850,41.4834,80.1000,16.0700,9.9674,89.0000,-1.0000,806.4435,809.5090,803.7030,0.0000,0.0000,0.0000
1/25/2016,2.6817,786.8400,-0.6237,4.0170,-4.9080,62.2041,100.2000,30.4500,20.5868,97.0000,-1.0000,814.8340,819.5160,809.4920,0.0000,0.0000,0.0000
1/26/2016,3.5686,608.4340,0.0797,6.8990,-6.0800,34.0721,86.7000,15.5300,2.2000,14.0000,-1.0000,819.9571,821.2840,819.0110,0.0004,0.2540,0.0000
1/27/2016,3.5805,590.9270,5.6333,11.2000,-1.6200,32.1489,45.4200,23.0200,2.4937,25.0000,-1.0000,820.1411,822.0190,818.7200,0.0000,0.0000,0.0000
1/28/2016,3.6340,602.7490,8.7764,15.8300,-0.2560,27.8556,53.1400,14.6700,2.3389,12.0000,-1.0000,816.8445,820.2710,811.5770,0.0000,0.0000,0.0000
1/29/2016,3.3787,619.5150,9.6971,13.5200,6.5690,19.8558,33.8900,9.0800,7.7278,94.0000,-1.0000,809.4508,812.5000,805.4040,0.0000,0.0000,0.0000
1/30/2016,3.1885,764.6480,7.4805,18.7100,-2.3190,48.0337,100.1000,16.5200,16.6959,94.0000,-1.0000,803.2154,807.1660,798.6740,0.0000,0.0000,0.0000
1/31/2016,1.2752,333.8530,-2.8832,-0.3500,-5.1020,95.9945,100.1000,58.1000,34.6549,98.0000,-1.0000,806.5816,810.6050,799.8060,0.0025,0.2540,0.0000
2/1/2016,1.3906,346.6850,-4.8178,-2.7460,-6.7170,100.0220,100.2000,94.3000,34.8681,98.0000,-1.0000,800.8845,809.4000,794.9530,0.0000,0.0000,0.0000
2/2/2016,2.7967,599.7980,-7.7272,-5.8780,-10.0400,86.6304,100.2000,63.5200,34.1243,98.0000,-1.0000,794.6084,805.1500,786.9660,0.0000,0.0000,0.0000
2/3/2016,4.1457,720.5430,-7.3249,-4.3630,-10.8100,37.1603,67.8000,24.7300,2.5431,24.0000,-1.0000,799.8402,817.0720,786.4490,0.0000,0.0000,0.0000
2/4/2016,2.8792,645.7000,-3.0975,4.4590,-7.3600,37.4822,63.0900,17.4200,20.5917,97.0000,-1.0000,813.7803,819.7490,798.3910,0.0039,0.7620,0.0000
2/5/2016,4.1321,667.9760,-0.5872,3.4140,-4.6690,30.7773,42.4600,21.1100,3.2257,52.0000,-1.0000,821.7192,823.8930,819.1830,0.0000,0.0000,0.0000
2/6/2016,2.5254,832.5690,5.6320,10.2800,0.7180,27.3515,36.9900,13.8000,20.3250,97.0000,-1.0000,819.3337,821.4170,817.6150,0.0000,0.0000,0.0000
2/7/2016,3.4666,713.5140,0.7148,7.3510,-6.7290,52.8570,100.0000,10.6800,10.3056,93.0000,-1.0000,822.1453,825.7290,817.8210,0.0000,0.0000,0.0000
2/8/2016,4.0910,676.5090,2.0418,9.0700,-7.1960,52.4609,99.9000,29.5300,3.3937,39.0000,-1.0000,824.3230,826.3210,822.6440,0.0000,0.0000,0.0000
2/9/2016,4.2672,674.1590,8.6368,13.3200,2.5640,23.2644,38.1700,12.0200,2.3444,10.0000,-1.0000,823.3473,824.4360,821.8340,0.0000,0.0000,0.0000
2/10/2016,3.7973,738.0820,13.4046,20.2100,8.1800,10.9798,20.1100,4.8390,13.2375,96.0000,-1.0000,820.1351,821.8240,817.9790,0.0000,0.0000,0.0000
2/11/2016,2.6762,812.6790,11.2855,16.9600,5.8280,21.3054,42.2900,9.6100,23.9389,97.0000,-1.0000,820.4064,822.8820,818.7850,0.0000,0.0000,0.0000
2/12/2016,3.6582,785.8610,6.5071,11.9100,1.6230,50.7012,78.5200,30.1400,12.0965,65.0000,-1.0000,822.3899,823.9270,820.1760,0.0000,0.0000,0.0000
2/13/2016,4.2578,786.9870,9.8256,18.6000,-1.3790,33.8851,100.1000,5.0350,7.2542,55.0000,-1.0000,815.3517,820.2630,809.4080,0.0000,0.0000,0.0000
2/14/2016,3.1558,965.7850,6.0149,12.5000,-0.1430,35.1854,61.2600,19.5300,28.6382,98.0000,-1.0000,812.8854,816.4250,810.0400,0.0000,0.0000,0.0000
2/15/2016,3.3046,762.7550,8.7428,14.3400,2.7240,31.9957,42.7600,23.2300,23.4788,98.0000,-1.0000,811.3348,815.1590,807.1420,0.0000,0.0000,0.0000
2/16/2016,2.6140,607.1330,5.8875,13.7600,-0.4440,53.4257,100.1000,14.7200,25.0625,95.0000,-1.0000,815.4417,817.3070,813.8480,0.0000,0.0000,0.0000
2/17/2016,4.3593,790.7110,10.1143,17.2400,3.6830,23.4327,37.2800,13.6500,11.2832,74.0000,-1.0000,813.5224,816.5180,808.1620,0.0000,0.0000,0.0000
2/18/2016,4.6018,819.9290,13.0211,21.9500,5.1800,21.3595,57.6900,7.8910,4.3576,49.0000,-1.0000,806.0547,811.8570,801.1480,0.0000,0.0000,0.0000
2/19/2016,4.5777,806.7650,11.4352,18.7600,5.3330,11.4571,29.7800,3.4540,14.6986,94.0000,-1.0000,813.3614,814.5620,811.7580,0.0000,0.0000,0.0000
2/20/2016,4.6585,881.0050,10.0223,16.7500,2.9780,20.7571,46.0700,7.7670,7.9507,75.0000,-1.0000,816.4928,820.1760,814.3380,0.0000,0.0000,0.0000
2/21/2016,4.6642,786.6590,2.1994,7.2900,-2.7070,45.6490,61.7600,29.7900,5.8667,57.0000,-1.0000,821.2039,824.4090,817.1940,0.0000,0.0000,0.0000
2/22/2016,3.3497,714.4460,1.6054,8.7500,-2.5590,59.8047,100.1000,25.5400,36.0111,100.0000,-1.0000,813.9161,817.1620,811.1750,0.0000,0.0000,0.0000
2/23/2016,4.6836,809.1270,-1.0756,3.7400,-3.9160,64.7134,100.1000,33.6000,12.3424,97.0000,-1.0000,820.1982,821.9770,816.5130,0.0060,0.2540,0.0000
2/24/2016,5.1219,773.3680,2.7172,9.0300,-2.4720,24.3981,49.0200,9.2700,2.7868,12.0000,-1.0000,818.7662,822.0510,816.6060,0.0000,0.0000,0.0000
2/25/2016,5.0694,756.0490,0.7743,8.8600,-5.6370,40.1765,58.4600,22.3400,2.7861,19.0000,-1.0000,822.0402,824.5070,820.1280,0.0000,0.0000,0.0000
2/26/2016,5.1840,794.8460,8.0277,15.9400,-0.4500,29.3573,53.0200,11.6400,3.5431,23.0000,-1.0000,820.8128,823.4520,817.9540,0.0000,0.0000,0.0000
2/27/2016,3.8621,913.5210,12.5546,20.2300,5.0810,16.3735,39.1000,8.3100,22.6396,100.0000,-1.0000,813.1743,817.9820,808.9650,0.0000,0.0000,0.0000
2/28/2016,5.2822,781.7290,9.8007,15.5000,4.7170,21.0380,34.5900,12.3700,4.3389,52.0000,-1.0000,815.6594,817.3290,813.8350,0.0000,0.0000,0.0000
2/29/2016,4.7073,943.1800,8.6540,15.9600,0.1180,31.5902,93.7000,10.9300,10.9201,90.0000,-1.0000,813.9305,817.7010,811.3150,0.0000,0.0000,0.0000
3/1/2016,4.0769,922.5350,6.0619,12.1900,0.1520,25.3479,34.5800,17.3300,26.4722,92.0000,-1.0000,817.4394,820.1840,813.6370,0.0000,0.0000,0.0000
3/2/2016,4.9226,818.6840,9.6101,13.4100,5.6530,24.6349,65.0500,10.9400,11.9694,98.0000,-1.0000,812.4601,817.5010,809.5880,0.0000,0.0000,0.0000
3/3/2016,4.4727,1025.1200,8.4087,16.0700,0.1900,25.4970,60.5000,10.2100,29.7854,98.0000,-1.0000,817.4205,819.3290,815.6120,0.0000,0.0000,0.0000
3/4/2016,3.2382,928.9770,9.0905,14.2000,3.5330,27.3172,52.7800,14.6000,31.9479,100.0000,-1.0000,818.2999,821.7400,815.3130,0.0000,0.0000,0.0000
3/5/2016,3.1744,889.8990,9.5701,16.7500,2.7830,31.6687,52.2600,16.0100,34.9944,100.0000,-1.0000,815.5738,820.6110,811.2890,0.0000,0.0000,0.0000
3/6/2016,3.6223,1132.8000,12.7154,18.6600,7.9110,24.2437,39.9100,13.0700,29.4090,99.0000,-1.0000,807.4905,811.5470,803.3580,0.0000,0.0000,0.0000
3/7/2016,2.3479,690.9490,5.8224,11.7000,0.6780,53.3230,95.9000,23.0200,29.4812,100.0000,-1.0000,802.8235,807.6550,800.3010,0.0007,0.2540,0.0000
3/8/2016,4.7263,1039.6800,3.4653,8.3000,-0.4430,59.5502,90.2000,34.7100,17.7872,84.0000,-1.0000,810.7771,812.6280,807.6400,0.0000,0.0000,0.0000
3/9/2016,3.8169,1031.4400,5.3996,12.0400,-1.0320,35.8475,69.2000,15.2900,26.3660,100.0000,-1.0000,813.9726,818.5380,810.9950,0.0000,0.0000,0.0000
3/10/2016,5.8830,832.3880,9.5946,18.8900,1.3170,27.2326,47.4100,13.1500,4.3521,21.0000,-1.0000,818.8904,819.9790,817.5480,0.0000,0.0000,0.0000
3/11/2016,5.8980,853.7120,13.3428,20.7100,7.3730,20.3725,28.4000,9.5000,6.3187,48.0000,-1.0000,816.4921,819.5560,812.2580,0.0000,0.0000,0.0000
3/12/2016,4.1459,981.6000,11.5875,17.4100,6.0280,29.3895,41.8300,17.3400,39.3778,100.0000,-1.0000,808.2622,812.2460,805.5790,0.0000,0.0000,0.0000
3/13/2016,3.8264,921.4210,11.4825,15.1500,6.8320,24.1917,34.3400,17.3500,29.8257,100.0000,-1.0000,810.2589,812.0230,808.9950,0.0000,0.0000,0.0000
3/14/2016,5.4262,886.3380,8.6433,15.4100,2.9810,34.2518,72.3900,13.4900,12.8778,85.0000,-1.0000,807.2495,809.8780,804.4100,0.0000,0.0000,0.0000
3/15/2016,5.6577,1117.5400,1.5639,6.0780,-1.5870,36.9130,100.1000,20.2200,11.9179,85.0000,-1.0000,813.3831,815.1270,809.4010,0.0000,0.0000,0.0000
3/16/2016,6.3902,979.5600,2.3741,7.3510,-1.9030,33.9261,68.8800,15.5100,8.7090,66.0000,-1.0000,815.7303,817.6200,814.0540,0.0000,0.0000,0.0000
3/17/2016,1.7131,385.8750,-1.4646,0.6990,-3.4380,79.8613,100.1000,46.9800,42.4965,99.0000,-1.0000,814.6585,817.0610,812.9200,0.0000,0.0000,0.0000
3/18/2016,3.9211,754.2850,-5.0329,-2.0600,-7.3550,88.9280,100.2000,57.4700,41.9840,100.0000,-1.0000,819.4235,821.2660,816.5000,0.0055,0.2540,0.0000
3/19/2016,4.8649,1102.5400,-3.8474,1.5050,-7.1500,59.3072,100.2000,27.8400,20.1058,98.0000,-1.0000,823.1072,824.5020,820.6980,0.0019,0.5080,0.0000
3/20/2016,6.7248,913.5170,3.5228,13.0000,-6.6650,34.5830,58.8200,16.0800,3.2563,13.0000,-1.0000,820.2458,823.7300,816.5550,0.0000,0.0000,0.0000
3/21/2016,5.8102,1053.1900,14.5282,21.9100,7.1740,18.3688,31.4800,8.3400,38.7958,100.0000,-1.0000,812.6864,816.5430,808.3130,0.0000,0.0000,0.0000
3/22/2016,6.0109,1068.3000,13.3360,20.4900,3.2760,22.0858,100.1000,6.9710,15.1076,83.0000,-1.0000,803.1532,808.3140,799.7110,0.0018,0.2540,0.0000
3/23/2016,1.7799,286.0230,-1.4620,3.2520,-6.0100,100.1523,100.2000,100.1000,43.4014,98.0000,-1.0000,807.6194,815.5230,800.9130,0.0019,0.2540,0.0000
3/24/2016,5.1930,1088.5700,1.6948,7.3230,-6.7380,62.1458,100.2000,27.0800,18.5639,99.0000,-1.0000,812.4066,823.7140,800.1440,0.0074,3.0480,0.0000
3/25/2016,4.3648,1099.3800,2.7715,9.4900,-1.1450,59.4715,100.1000,24.2500,29.6729,100.0000,-1.0000,809.2130,812.5080,807.4610,0.0000,0.0000,0.0000
3/26/2016,3.4124,741.5790,-2.5411,2.1460,-5.5920,78.9173,100.2000,43.8000,37.8062,99.0000,-1.0000,816.1204,818.9110,812.3780,0.0014,0.2540,0.0000
3/27/2016,7.1956,956.6720,3.5918,10.0300,-4.1400,31.6823,64.8000,14.3100,3.0590,11.0000,-1.0000,816.2659,818.4610,813.2920,0.0000,0.0000,0.0000
3/28/2016,5.9036,1080.7600,8.3433,15.7100,1.4530,34.7746,48.9700,17.3600,25.0132,100.0000,-1.0000,809.4685,813.2930,805.2530,0.0000,0.0000,0.0000
3/29/2016,4.4456,1212.5700,6.2845,11.5700,2.5850,65.9547,100.1000,34.9700,36.8182,99.0000,-1.0000,804.6275,806.2850,801.8680,0.0002,0.2540,0.0000
3/30/2016,4.0634,1168.3000,1.3655,8.1700,-4.3040,72.2401,100.1000,21.8200,30.5764,100.0000,-1.0000,807.5501,811.0560,805.2140,0.0005,0.2540,0.0000
3/31/2016,3.0414,823.7350,-0.6136,6.0120,-4.2040,77.3298,100.1000,46.0700,45.6569,100.0000,-1.0000,810.4516,812.7850,808.3960,0.0049,2.0320,0.0000
4/1/2016,7.2604,1034.5100,3.0875,8.8800,-3.5850,38.1226,53.2600,24.6200,5.1069,39.0000,-1.0000,817.5883,821.6010,811.6110,0.0000,0.0000,0.0000
4/2/2016,7.2461,953.9740,10.2084,16.9700,3.5340,26.7767,37.9900,16.3000,3.2250,11.0000,-1.0000,820.0455,822.7640,816.9000,0.0000,0.0000,0.0000
4/3/2016,7.3375,958.5760,13.2959,18.3800,8.6100,22.8730,36.4300,12.4100,3.2299,11.0000,-1.0000,817.5696,821.2090,816.2190,0.0000,0.0000,0.0000
4/4/2016,6.3241,1129.0100,14.0585,20.8000,6.9420,27.5124,44.2800,14.1900,16.4535,95.0000,-1.0000,819.6383,821.7080,816.9480,0.0000,0.0000,0.0000
4/5/2016,6.0495,1097.6000,9.9198,17.7900,5.6170,28.2331,50.7500,12.8100,18.9569,99.0000,-1.0000,816.0846,819.9700,813.3650,0.0000,0.0000,0.0000
4/6/2016,7.4360,992.5240,12.8740,19.9800,4.4880,17.3358,28.3800,9.6300,7.5535,69.0000,-1.0000,819.0834,820.8830,817.3100,0.0000,0.0000,0.0000
4/7/2016,7.3045,950.0920,11.3484,16.9100,5.5980,37.1931,60.7300,19.3400,4.4076,15.0000,-1.0000,821.4284,823.4500,819.1220,0.0000,0.0000,0.0000
4/8/2016,6.0772,947.1600,10.9356,16.4200,4.8190,36.0307,59.1500,19.3800,35.6674,99.0000,-1.0000,819.9785,822.7220,815.5600,0.0000,0.0000,0.0000
4/9/2016,5.6998,1311.0800,13.4682,21.6800,6.0560,32.4270,49.0700,16.6900,27.2042,97.0000,-1.0000,810.3502,815.5470,807.9210,0.0000,0.0000,0.0000
4/10/2016,3.4584,1092.6200,11.3544,18.3100,1.8790,49.2210,100.1000,22.5400,45.5667,100.0000,-1.0000,811.2906,815.6610,807.6400,0.0078,0.2540,0.0000
4/11/2016,4.4978,1293.0300,6.8151,13.1900,2.3790,76.7832,100.1000,44.3900,32.7736,100.0000,-1.0000,817.0660,819.0630,814.2740,0.0000,0.0000,0.0000
4/12/2016,6.0841,1239.1700,12.3810,20.1400,6.1290,44.6182,74.5400,22.2900,25.3986,98.0000,-1.0000,817.6246,818.7220,815.9870,0.0000,0.0000,0.0000
4/13/2016,6.0385,1192.7100,14.6365,20.5000,9.6300,34.0962,46.2500,20.0700,20.3167,97.0000,-1.0000,816.3695,818.3330,814.3140,0.0000,0.0000,0.0000
4/14/2016,5.9508,1177.6800,16.0580,22.6500,10.9700,28.2608,41.1400,15.0100,27.2722,99.0000,-1.0000,809.3298,814.3360,804.3340,0.0000,0.0000,0.0000
4/15/2016,2.0874,803.8950,5.9701,12.9000,0.0030,66.5768,100.1000,31.2200,43.8750,100.0000,-1.0000,808.7400,811.4620,804.4110,0.0021,0.2540,0.0000
4/16/2016,1.5867,354.7830,-0.2682,0.9170,-1.1550,100.1000,100.1000,100.1000,47.2826,99.0000,-1.0000,811.4372,814.0330,808.9190,0.0074,0.2540,0.0000
4/17/2016,4.6521,1300.9200,-0.1115,3.1480,-1.7570,94.5566,100.1000,68.6500,46.5868,99.0000,-1.0000,814.1572,819.9020,808.0030,0.0162,4.5720,0.0000
4/18/2016,4.5350,1399.9700,1.3084,8.1600,-1.6240,75.5984,100.1000,37.9300,41.2806,100.0000,-1.0000,818.9449,823.2300,813.6400,0.0002,0.2540,0.0000
4/19/2016,6.5099,1363.1500,4.0737,10.2600,-0.3590,67.0076,100.1000,38.6800,34.4635,98.0000,-1.0000,818.8152,820.5380,816.5320,0.0002,0.2540,0.0000
4/20/2016,5.9002,1080.4700,7.0500,12.1700,1.5630,58.7540,81.1000,39.4400,32.0986,99.0000,-1.0000,816.9917,819.5810,815.3390,0.0000,0.0000,0.0000
4/21/2016,8.0354,1009.5600,10.7142,17.1700,3.8070,48.8383,67.8100,28.8400,3.7208,13.0000,-1.0000,820.4884,821.4030,818.9760,0.0000,0.0000,0.0000
4/22/2016,7.2414,1042.1800,15.7773,24.4300,6.3930,31.0267,56.1800,12.9300,10.7181,81.0000,-1.0000,816.4197,820.5080,813.0880,0.0000,0.0000,0.0000
4/23/2016,4.6286,1046.5100,15.9066,23.8400,10.2500,26.8027,61.7800,14.5000,43.9681,100.0000,-1.0000,808.3640,813.1980,804.0130,0.0000,0.0000,0.0000
4/24/2016,4.7483,1224.4000,12.1487,17.4500,8.3500,26.7341,37.5100,19.3900,34.5458,100.0000,-1.0000,806.9896,809.1990,805.2930,0.0000,0.0000,0.0000
4/25/2016,6.7561,1078.5400,12.3849,18.2900,5.9710,40.2789,69.0800,17.9800,23.7861,99.0000,-1.0000,805.8342,809.0230,802.4100,0.0000,0.0000,0.0000
4/26/2016,2.5327,942.0850,4.6346,9.5000,0.0690,75.0115,100.1000,31.4400,36.9090,99.0000,-1.0000,806.3608,809.6150,802.5960,0.0026,0.2540,0.0000
4/27/2016,6.4387,1335.8800,4.8555,10.9700,-1.4200,65.6660,100.1000,39.3000,29.4674,98.0000,-1.0000,809.3805,813.0640,805.6300,0.0000,0.0000,0.0000
4/28/2016,1.2488,359.5500,1.1936,2.2990,-0.1110,90.0698,100.1000,66.1800,48.4715,99.0000,-1.0000,813.9943,815.3820,812.6910,0.0021,0.2540,0.0000
4/29/2016,1.7383,397.7260,0.0367,1.4310,-0.5880,100.1000,100.1000,100.1000,48.4701,98.0000,-1.0000,812.1961,814.8980,810.2890,0.0097,0.2540,0.0000
4/30/2016,2.9633,736.8670,-0.1646,1.3420,-1.2240,99.8022,100.1000,84.6000,50.0910,99.0000,-1.0000,813.0675,816.5770,808.2550,0.0085,0.5080,0.0000
5/1/2016,2.3308,429.3010,0.6850,3.3770,-0.9100,89.2434,100.1000,65.2900,47.9097,99.0000,-1.0000,819.6183,823.7270,814.6990,0.0032,0.5080,0.0000
5/2/2016,8.5909,1046.4100,6.4493,14.4000,-1.8010,51.1009,96.0000,22.7600,4.4653,22.0000,-1.0000,820.5884,822.7650,818.3280,0.0000,0.0000,0.0000
5/3/2016,8.5420,1035.3900,11.3839,17.4000,4.2260,36.9180,54.6700,20.5400,4.6049,14.0000,-1.0000,821.7497,823.2860,819.6960,0.0000,0.0000,0.0000
5/4/2016,8.4994,1029.5600,15.3500,22.2700,8.4200,31.2549,43.2800,15.1700,5.0514,16.0000,-1.0000,821.5414,823.3240,819.5230,0.0000,0.0000,0.0000
5/5/2016,7.6589,1050.0200,18.9215,25.6300,11.8600,25.7947,42.0200,12.7300,19.8931,99.0000,-1.0000,818.2203,820.2770,815.9400,0.0000,0.0000,0.0000
5/6/2016,5.2894,1132.2100,17.4575,25.0500,12.4900,36.8854,55.3900,16.4200,32.6014,99.0000,-1.0000,814.0925,816.5140,811.2360,0.0002,0.2540,0.0000
5/7/2016,0.8751,334.3820,8.7547,13.4900,4.7120,84.6697,100.1000,44.7000,48.5978,99.0000,-1.0000,812.2605,814.3650,808.3720,0.0079,1.2700,0.0000
5/8/2016,4.7715,1293.3900,7.8895,13.4900,2.4610,64.5503,100.1000,33.2600,37.2771,100.0000,-1.0000,807.7596,811.2950,805.0000,0.0002,0.2540,0.0000
5/9/2016,6.5986,1190.0100,11.8027,18.1800,3.9640,54.3458,98.6000,26.2500,22.6590,100.0000,-1.0000,806.1159,809.3270,804.7680,0.0000,0.0000,0.0000
5/10/2016,4.9591,1287.4200,11.5617,17.5200,6.8350,62.3537,82.4000,22.9800,39.1750,100.0000,-1.0000,813.2731,818.4610,809.0590,0.0000,0.0000,0.0000
5/11/2016,6.5896,1211.6400,9.4834,15.0300,4.2330,57.5175,99.0000,30.8400,22.6472,97.0000,-1.0000,820.4544,824.1670,818.4320,0.0000,0.0000,0.0000
5/12/2016,8.7030,1051.9100,13.2176,22.1500,3.4750,37.6073,75.4400,13.5200,6.5646,58.0000,-1.0000,822.6143,824.2880,820.6900,0.0000,0.0000,0.0000
5/13/2016,7.7649,1084.3500,14.3039,21.4100,7.7120,38.5271,70.0500,11.4200,27.6882,97.0000,-1.0000,822.6175,825.3570,819.8790,0.0000,0.0000,0.0000
5/14/2016,2.4139,1130.9100,5.6825,10.8800,3.2680,89.6192,100.1000,63.6800,51.8678,100.0000,-1.0000,821.8789,825.2810,818.6210,0.0002,0.2540,0.0000
5/15/2016,3.2930,977.4070,6.8642,12.1900,2.7690,86.9983,100.1000,60.9900,52.7975,100.0000,-1.0000,814.6867,819.7560,811.7430,0.0023,0.2540,0.0000
5/16/2016,0.9216,287.9430,4.8239,7.3560,2.0180,100.0996,100.1000,99.5000,50.3229,99.0000,-1.0000,812.1743,814.2550,810.2500,0.0085,0.2540,0.0000
5/17/2016,1.7590,637.7680,4.4165,7.3480,1.8760,94.7645,100.1000,71.4800,50.9618,99.0000,-1.0000,817.7691,821.2300,813.6680,0.0007,0.2540,0.0000
5/18/2016,7.4539,1110.4400,10.8539,17.9900,4.7060,64.8632,100.1000,34.5500,14.3721,82.0000,-1.0000,817.8296,820.8230,815.5950,0.0000,0.0000,0.0000
5/19/2016,7.6152,1274.4500,15.7911,22.3700,9.4800,38.6981,58.4900,20.8300,25.8381,94.0000,-1.0000,812.2884,815.6360,809.8290,0.0000,0.0000,0.0000
5/20/2016,7.5267,1149.6500,18.6086,25.3100,11.9300,32.4694,46.0400,18.0200,29.3681,96.0000,-1.0000,811.9827,813.3360,810.7450,0.0000,0.0000,0.0000
5/21/2016,8.4831,1146.6300,20.0766,26.9800,11.2700,29.0183,55.1500,9.6400,19.7931,81.0000,-1.0000,811.8364,814.6590,808.8650,0.0000,0.0000,0.0000
5/22/2016,7.6558,1047.9100,15.8321,21.4500,11.1200,47.8658,85.3000,14.3500,20.1900,99.0000,-1.0000,811.0765,813.8620,808.0470,0.0000,0.0000,0.0000
5/23/2016,5.7839,1196.3300,12.2033,17.6000,7.5520,56.1428,74.0700,33.0600,30.8153,98.0000,-1.0000,813.3791,814.7210,811.9370,0.0009,0.2540,0.0000
5/24/2016,7.0067,1325.8400,14.0150,20.4500,7.0270,55.1077,70.3900,27.1500,26.5560,97.0000,-1.0000,813.1208,815.4090,810.9010,0.0000,0.0000,0.0000
5/25/2016,7.2986,1286.2800,14.9353,21.1900,8.5600,44.7103,70.9200,26.6800,24.3389,95.0000,-1.0000,815.0994,817.0280,812.5210,0.0000,0.0000,0.0000
5/26/2016,2.8717,1095.9500,10.8716,17.7400,7.5490,64.0481,98.5000,37.2600,45.5493,100.0000,-1.0000,814.2260,816.9350,812.1510,0.0000,0.0000,0.0000
5/27/2016,4.9580,1206.7600,10.2500,14.7800,7.0950,67.0574,100.1000,45.5900,48.8905,100.0000,-1.0000,812.9665,815.4430,811.2840,0.0021,0.2540,0.0000
5/28/2016,7.2006,1348.3600,14.6391,21.8600,8.1500,42.0619,62.5600,21.9900,23.7550,95.0000,-1.0000,816.7194,820.2820,813.5830,0.0000,0.0000,0.0000
5/29/2016,6.4864,1253.9100,16.4178,24.8200,10.5100,37.2132,57.9600,18.5200,30.6618,99.0000,-1.0000,819.5524,820.9070,817.7300,0.0000,0.0000,0.0000
5/30/2016,6.9545,1247.2400,17.3376,25.6800,10.5500,33.1959,52.2100,14.0400,31.6889,99.0000,-1.0000,816.7400,819.1670,814.2410,0.0000,0.0000,0.0000
5/31/2016,6.6579,1268.6700,13.0061,18.3000,8.4200,62.4217,84.7000,43.8000,40.0965,99.0000,-1.0000,819.3577,820.8520,817.2530,0.0002,0.2540,0.0000
6/1/2016,8.1919,1299.6800,15.1537,22.6100,8.3700,68.2923,100.1000,35.8600,25.0863,97.0000,-1.0000,819.4900,821.6530,817.1320,0.0039,0.5080,0.0000
6/2/2016,8.6679,1041.8300,19.8118,27.2000,11.6200,34.7579,70.3300,14.4900,15.0396,98.0000,-1.0000,819.5940,820.7390,817.9940,0.0000,0.0000,0.0000
6/3/2016,7.6933,1100.2900,20.6791,25.5000,15.9900,31.6524,57.5000,20.1300,32.9743,95.0000,-1.0000,821.4677,824.8480,818.9780,0.0000,0.0000,0.0000
6/4/2016,8.8937,1035.9300,19.1571,24.5100,13.7000,42.2370,63.0800,26.9200,6.1813,60.0000,-1.0000,824.8702,826.4240,823.3260,0.0000,0.0000,0.0000
6/5/2016,8.6714,1132.1400,20.4139,27.9800,13.1900,39.3051,57.5600,17.6200,12.6222,96.0000,-1.0000,820.6682,823.5060,818.6170,0.0000,0.0000,0.0000
6/6/2016,6.6075,1096.7800,19.4518,28.3200,13.9000,49.7643,92.3000,25.7500,29.2742,100.0000,-1.0000,819.5811,822.3280,817.2010,0.0012,0.2540,0.0000
6/7/2016,5.8306,1147.4700,18.6100,25.2500,12.3400,49.9855,76.3900,22.6000,31.5007,98.0000,-1.0000,817.3363,819.8140,815.5350,0.0000,0.0000,0.0000
6/8/2016,6.4534,1373.5500,21.4958,28.3100,17.2300,33.5330,43.8800,20.7600,38.2500,100.0000,-1.0000,815.9160,816.6160,815.2880,0.0000,0.0000,0.0000
6/9/2016,8.0811,1027.4300,24.2025,30.9800,18.5800,29.8121,43.0200,18.4400,14.8340,100.0000,-1.0000,815.7777,816.9660,814.5480,0.0000,0.0000,0.0000
6/10/2016,7.8376,1154.2900,26.0424,33.5700,19.4800,20.6382,28.9400,11.1600,27.5889,98.0000,-1.0000,817.1121,818.1380,815.1540,0.0000,0.0000,0.0000
6/11/2016,8.6218,1036.0700,24.5610,32.7500,16.9800,31.3726,74.0900,14.0000,15.3840,97.0000,-1.0000,817.1416,820.0690,814.2250,0.0026,0.5080,0.0000
6/12/2016,6.8815,1233.4100,21.0904,28.9300,15.0000,45.9861,78.7200,21.5200,34.0965,99.0000,-1.0000,820.6795,823.1230,818.3110,0.0000,0.0000,0.0000
6/13/2016,5.9700,1267.8300,16.5040,23.2700,12.3900,70.1491,100.0000,36.9100,36.4078,100.0000,-1.0000,819.0798,822.9440,815.2090,0.0145,2.2860,0.0000
6/14/2016,8.9103,1165.4500,19.2178,27.0000,9.6000,34.8346,67.5400,14.5600,7.8782,65.0000,-1.0000,814.8482,816.4380,812.9420,0.0000,0.0000,0.0000
6/15/2016,9.1408,1050.3600,23.6499,31.3700,15.3000,22.9641,37.7100,10.6800,5.3382,17.0000,-1.0000,814.7349,816.7990,812.1200,0.0000,0.0000,0.0000
6/16/2016,8.9399,1058.1200,25.5041,32.2100,18.0500,14.9357,28.7100,7.2070,8.5119,53.0000,-1.0000,814.8203,818.2940,813.2110,0.0000,0.0000,0.0000
6/17/2016,8.6865,1032.0000,24.5158,30.0500,20.0400,26.4508,51.4200,13.2500,6.5819,32.0000,-1.0000,820.9130,823.4630,818.3000,0.0000,0.0000,0.0000
6/18/2016,8.6160,1004.1400,24.3889,32.3800,16.6600,40.3234,67.4800,19.7700,6.9645,29.0000,-1.0000,823.5140,825.3830,821.7050,0.0000,0.0000,0.0000
6/19/2016,8.7076,1148.7900,27.5664,35.4000,20.3800,26.1789,52.8000,9.7900,12.3069,58.0000,-1.0000,822.6356,825.5170,821.1470,0.0000,0.0000,0.0000
6/20/2016,4.4711,1231.4400,20.4782,23.7500,17.5800,56.6331,77.2500,26.9800,37.7389,99.0000,-1.0000,826.2366,828.9660,823.6250,0.0000,0.0000,0.0000
6/21/2016,7.6397,998.4410,26.1060,36.3400,16.1500,40.2737,79.5300,11.5000,33.9347,100.0000,-1.0000,819.8062,823.6050,816.2880,0.0005,0.2540,0.0000
6/22/2016,4.2427,1312.3200,21.8368,26.9100,14.8100,39.1303,82.9000,17.1700,46.7349,99.0000,-1.0000,821.1065,824.1070,817.9510,0.0007,0.2540,0.0000
6/23/2016,6.0730,1338.4800,23.0223,31.7000,17.4100,39.5330,53.6500,19.5200,29.9493,99.0000,-1.0000,820.2821,822.2850,819.3340,0.0000,0.0000,0.0000
6/24/2016,5.4183,1152.2100,24.6146,32.4900,18.2400,31.2611,50.1500,14.5200,35.6868,99.0000,-1.0000,817.5774,820.8130,815.7580,0.0000,0.0000,0.0000
6/25/2016,6.2727,1202.4100,22.6534,28.8400,16.3900,37.1769,66.5600,22.0600,33.2143,99.0000,-1.0000,819.7557,823.5840,816.5810,0.0000,0.0000,0.0000
6/26/2016,8.7757,1034.5100,23.9335,31.7300,16.0400,34.4411,62.9500,13.4900,8.9889,72.0000,-1.0000,822.3249,823.6360,820.6980,0.0000,0.0000,0.0000
6/27/2016,8.8320,1025.1300,24.7004,31.6700,18.2700,27.8109,78.2800,12.8900,6.1514,40.0000,-1.0000,824.7020,826.8360,823.0580,0.0000,0.0000,0.0000
6/28/2016,7.6682,1000.1200,22.3456,32.2600,14.9400,52.3033,100.0000,15.5000,21.0572,99.0000,-1.0000,824.4114,826.7670,820.6140,0.0002,0.2540,0.0000
6/29/2016,7.3152,1162.4900,20.7695,30.7200,11.7000,53.2236,99.8000,13.5400,26.9165,100.0000,-1.0000,822.4024,824.8870,820.6320,0.0000,0.0000,0.0000
6/30/2016,4.3471,1004.5500,18.7602,23.8500,14.9600,60.4542,100.0000,37.6800,48.8361,99.0000,-1.0000,822.4683,823.6300,820.5520,0.0028,0.2540,0.0000
7/1/2016,3.7878,1088.6800,17.6205,23.4800,14.4100,85.1886,100.0000,44.9400,51.7127,100.0000,-1.0000,819.9789,822.7470,817.3280,0.0034,0.2540,0.0000
7/2/2016,4.4580,1284.9800,18.2959,23.2700,15.0800,70.1189,100.0000,43.4000,49.2227,99.0000,-1.0000,818.6622,819.4780,817.3280,0.0009,0.2540,0.0000
7/3/2016,6.5128,1384.1000,22.6715,30.1200,17.1200,34.5837,54.7700,14.7200,33.1833,92.0000,-1.0000,818.5561,819.1240,817.8380,0.0000,0.0000,0.0000
7/4/2016,6.8443,1280.4000,24.9933,32.1300,19.5700,26.4751,45.8700,14.8000,25.1722,94.0000,-1.0000,818.3653,819.4080,817.1850,0.0000,0.0000,0.0000
7/5/2016,7.4798,1302.2800,24.1103,31.7300,17.6500,31.2494,48.7600,14.5400,25.8660,98.0000,-1.0000,817.3261,819.2000,815.8210,0.0000,0.0000,0.0000
7/6/2016,6.8161,1305.6800,25.0616,33.6600,15.3100,23.9461,54.7700,5.7400,22.0236,94.0000,-1.0000,815.1046,818.1570,812.7050,0.0000,0.0000,0.0000
7/7/2016,8.7922,1026.1200,23.8776,29.9600,17.4100,24.2273,41.2500,13.2900,8.5049,40.0000,-1.0000,817.2953,819.5500,814.2800,0.0000,0.0000,0.0000
7/8/2016,6.9170,1153.9900,22.8227,31.8400,15.1300,37.4336,69.7700,12.9000,19.4694,93.0000,-1.0000,819.6290,820.6960,818.3750,0.0000,0.0000,0.0000
7/9/2016,8.1651,1191.1500,27.3648,34.5900,18.9000,17.5201,33.6900,8.6200,13.9308,78.0000,-1.0000,818.8093,820.3750,816.8620,0.0000,0.0000,0.0000
7/10/2016,7.9624,1243.9000,28.6978,35.7800,21.6200,13.1517,23.0900,5.4600,17.9403,89.0000,-1.0000,812.5252,816.9830,808.7730,0.0000,0.0000,0.0000
7/11/2016,8.2972,1185.3300,23.0598,29.3400,16.9500,27.6479,48.9500,11.8100,12.4421,71.0000,-1.0000,813.7973,817.8190,809.9820,0.0000,0.0000,0.0000
7/12/2016,8.4684,1026.8400,23.3413,31.2700,14.5500,26.8612,47.6700,13.8000,9.2125,60.0000,-1.0000,816.3310,817.9620,814.2540,0.0000,0.0000,0.0000
7/13/2016,8.2219,1033.0800,24.1897,31.2600,17.1200,16.6295,25.4200,10.3600,11.0417,70.0000,-1.0000,819.3472,821.5540,816.4550,0.0000,0.0000,0.0000
7/14/2016,8.1959,1019.6700,21.5749,27.8600,14.8000,33.1887,48.8100,17.4100,13.8035,97.0000,-1.0000,822.2295,824.1140,820.3430,0.0000,0.0000,0.0000
7/15/2016,5.9655,1184.8900,22.2386,30.9900,16.1200,41.7413,82.2000,11.1600,25.5021,99.0000,-1.0000,820.2034,821.1780,819.4970,0.0000,0.0000,0.0000
7/16/2016,6.8048,1225.0500,23.0887,33.4700,14.2500,49.4267,100.0000,12.8300,26.7535,89.0000,-1.0000,816.1269,819.4960,813.8580,0.0000,0.0000,0.0000
7/17/2016,6.4854,1141.6400,23.7491,30.9500,17.1300,37.5805,68.7600,23.1800,22.3452,100.0000,-1.0000,819.8545,823.9940,816.7090,0.0000,0.0000,0.0000
7/18/2016,5.7751,1047.8800,22.9823,32.8700,16.2400,47.4639,71.3800,13.5500,42.1928,100.0000,-1.0000,823.2169,824.8330,822.0050,0.0000,0.0000,0.0000
7/19/2016,6.4115,1257.5200,24.1160,32.8600,19.0900,43.5959,74.8500,21.4700,34.8761,100.0000,-1.0000,822.5516,823.6660,820.6230,0.0004,0.2540,0.0000
7/20/2016,5.5147,1118.5700,24.7198,32.2900,20.0500,36.3523,53.5500,19.4800,28.8493,100.0000,-1.0000,822.4379,824.1660,821.3750,0.0000,0.0000,0.0000
7/21/2016,6.0349,1144.1800,26.1665,33.8100,20.9100,28.8644,42.2800,12.2900,23.9728,99.0000,-1.0000,823.2725,824.5020,821.8370,0.0000,0.0000,0.0000
7/22/2016,6.0656,1235.9600,26.1652,34.0700,20.3700,31.7815,63.8600,17.5900,27.9146,97.0000,-1.0000,821.6354,823.4790,819.3060,0.0012,0.2540,0.0000
7/23/2016,5.8541,1194.1900,26.2923,34.0700,19.1400,28.2496,63.4200,11.7600,30.4024,99.0000,-1.0000,819.3903,821.1000,817.5480,0.0007,0.2540,0.0000
7/24/2016,6.2454,1166.5300,22.9801,31.7700,15.6100,40.6703,76.4600,12.0000,27.0333,99.0000,-1.0000,821.4396,824.3430,819.5980,0.0000,0.0000,0.0000
7/25/2016,7.7020,1089.7000,22.9728,31.4700,13.8900,47.6309,82.5000,25.7300,16.8215,89.0000,-1.0000,821.4264,823.5820,819.7080,0.0000,0.0000,0.0000
7/26/2016,4.4904,1031.7900,26.1640,32.0400,20.3900,22.2980,43.0300,12.0100,43.4667,100.0000,-1.0000,820.6399,821.8130,820.0580,0.0000,0.0000,0.0000
7/27/2016,8.2204,1001.9800,24.1739,32.1300,18.0900,32.9703,60.5000,18.8500,7.0451,52.0000,-1.0000,821.5012,823.0150,819.4030,0.0000,0.0000,0.0000
7/28/2016,7.4114,1147.3000,21.2112,26.9600,16.4900,60.8455,100.0000,39.4800,17.0104,94.0000,-1.0000,821.7607,823.6300,820.4980,0.0049,1.0160,0.0000
7/29/2016,6.8389,1160.1200,21.6286,28.4700,16.8000,64.9112,99.0000,32.1100,18.9561,91.0000,-1.0000,820.6574,823.2430,817.7730,0.0000,0.0000,0.0000
7/30/2016,7.2264,1106.4100,22.9641,31.4400,15.1300,50.4396,96.7000,18.7800,13.8868,75.0000,-1.0000,817.4725,819.9690,815.8490,0.0000,0.0000,0.0000
7/31/2016,3.5841,1027.4000,24.0582,30.9300,19.1800,32.4401,56.4500,15.7600,38.5458,99.0000,-1.0000,817.2833,819.0870,815.5270,0.0000,0.0000,0.0000
8/1/2016,6.9721,1048.9300,26.0218,33.1900,18.2800,24.3838,60.0400,7.4710,19.6701,94.0000,-1.0000,819.1066,821.9080,817.5010,0.0000,0.0000,0.0000
8/2/2016,6.2434,1242.2400,24.6521,32.5300,18.5300,29.7699,63.4200,13.3200,36.4382,100.0000,-1.0000,822.6559,823.9770,820.7070,0.0000,0.0000,0.0000
8/3/2016,6.8830,1104.2600,24.7738,33.4400,16.8700,38.6610,71.4000,14.7700,18.0556,86.0000,-1.0000,819.2805,823.8460,815.8600,0.0002,0.2540,0.0000
8/4/2016,4.4743,1176.1700,19.0973,22.4300,15.5700,41.5759,65.5500,23.2100,50.4306,100.0000,-1.0000,822.1617,824.6400,817.6100,0.0000,0.0000,0.0000
8/5/2016,3.4343,847.6610,17.7782,21.3200,14.2700,58.3031,79.2500,45.5400,52.2076,100.0000,-1.0000,821.3487,852.4720,819.9930,0.0000,0.0000,0.0000
8/6/2016,4.6347,1374.3100,19.0912,25.4700,13.6200,69.2392,100.0000,41.1400,37.4486,99.0000,-1.0000,819.0154,820.4620,817.3020,0.0000,0.0000,0.0000
8/7/2016,7.0220,1195.2900,22.1197,30.3800,15.3400,46.2367,96.2000,22.6200,18.9194,97.0000,-1.0000,818.0171,819.8350,816.0920,0.0000,0.0000,0.0000
8/8/2016,5.8949,1154.6400,23.5620,30.2500,18.2200,36.5755,70.1000,19.8100,22.5333,93.0000,-1.0000,816.8616,819.2960,815.1940,0.0005,0.2540,0.0000
8/9/2016,7.0909,998.8860,25.3782,34.3300,19.8200,25.7411,48.0800,10.0200,17.6056,99.0000,-1.0000,816.3683,817.5350,813.9510,0.0009,0.2540,0.0000
8/10/2016,5.8312,1220.4000,24.5190,32.1000,19.0500,27.8217,41.2400,11.9500,28.7653,99.0000,-1.0000,816.9694,818.4640,815.5200,0.0000,0.0000,0.0000
8/11/2016,6.4847,1162.0800,23.3069,30.4500,17.0400,32.3294,55.6000,16.4700,34.5125,99.0000,-1.0000,819.1693,822.6120,817.5570,0.0005,0.2540,0.0000
8/12/2016,7.5468,973.0970,19.8419,26.5900,13.1200,41.1162,70.4700,22.2800,7.9063,53.0000,-1.0000,822.4596,823.4250,820.9570,0.0000,0.0000,0.0000
8/13/2016,7.9648,1136.6000,22.4899,30.0100,15.5500,25.3876,56.4100,10.6500,10.2139,68.0000,-1.0000,821.3700,822.9720,819.4190,0.0000,0.0000,0.0000
8/14/2016,7.8369,981.1770,22.6836,30.9000,13.3400,26.9861,62.5800,9.8100,6.2049,41.0000,-1.0000,820.5241,823.2250,818.0120,0.0000,0.0000,0.0000
8/15/2016,6.0167,1107.4300,24.3557,31.4900,18.1400,18.2215,37.4600,10.1400,28.0535,100.0000,-1.0000,820.2131,822.7580,818.6410,0.0000,0.0000,0.0000
8/16/2016,6.7633,1204.8500,21.0997,30.4200,14.7600,37.7841,82.4000,13.5400,22.8924,98.0000,-1.0000,822.4374,825.5240,820.5600,0.0086,0.5080,0.0000
8/17/2016,7.0516,966.3720,22.9197,30.3600,16.1200,30.3956,51.3300,16.9400,13.0764,97.0000,-1.0000,820.5674,822.3650,818.6530,0.0000,0.0000,0.0000
8/18/2016,4.4985,1097.4500,20.8674,28.6400,14.3200,38.6749,78.9700,18.7200,32.5778,100.0000,-1.0000,819.4201,822.4400,818.0320,0.0000,0.0000,0.0000
8/19/2016,5.0913,1084.9300,14.4496,25.5400,8.1200,81.9117,100.0000,32.2200,32.9708,100.0000,-1.0000,820.2563,824.4550,816.7230,0.0056,0.2540,0.0000
8/20/2016,7.5406,951.7460,15.1690,23.0100,8.4100,56.8876,100.0000,26.1500,4.9500,15.0000,-1.0000,820.0340,823.7670,818.1100,0.0000,0.0000,0.0000
8/21/2016,6.8618,963.4390,21.6382,30.0100,12.6600,31.4649,54.1400,11.5100,16.4937,98.0000,-1.0000,817.5022,820.0600,815.1600,0.0000,0.0000,0.0000
8/22/2016,5.6136,1117.8400,24.3371,30.6400,20.3200,20.3079,29.1900,10.2100,35.2444,99.0000,-1.0000,815.2349,816.2150,813.6720,0.0000,0.0000,0.0000
8/23/2016,3.2983,818.2620,21.8202,27.5700,15.5500,27.9322,57.4600,14.4300,38.8611,100.0000,-1.0000,817.8511,821.6160,814.4620,0.0000,0.0000,0.0000
8/24/2016,2.1390,945.6770,15.2085,18.0300,11.5600,64.8802,99.7000,36.7600,48.6688,100.0000,-1.0000,821.8048,823.5030,819.8320,0.0044,0.2540,0.0000
8/25/2016,4.8241,1117.0900,13.3818,19.2900,9.6600,67.2543,100.0000,40.9200,26.5007,99.0000,-1.0000,822.3730,824.2120,821.3720,0.0011,0.2540,0.0000
8/26/2016,5.8899,1100.0300,16.0734,23.6000,10.7900,55.5215,83.3000,28.3300,16.9569,99.0000,-1.0000,819.2005,821.3660,817.2630,0.0019,0.2540,0.0000
8/27/2016,6.5936,1146.6800,19.6790,26.9300,10.9300,32.7899,57.9400,17.4700,20.1008,95.0000,-1.0000,818.6652,819.7810,817.2210,0.0000,0.0000,0.0000
8/28/2016,4.5215,1185.1400,20.7902,28.0500,15.9800,30.6775,51.3200,15.7800,36.4840,99.0000,-1.0000,821.0696,824.8270,819.0390,0.0000,0.0000,0.0000
8/29/2016,3.8770,964.1250,18.4614,26.2700,13.3100,44.4209,75.5600,21.5100,40.2910,100.0000,-1.0000,824.4190,826.6020,822.7480,0.0007,0.2540,0.0000
8/30/2016,6.1352,926.1370,19.0120,25.9500,14.0200,46.9335,83.1000,24.3800,14.9736,89.0000,-1.0000,824.6399,825.7060,822.9660,0.0000,0.0000,0.0000
8/31/2016,6.6293,1030.9600,18.6644,24.7500,12.6200,55.4053,69.9700,36.8000,20.1042,84.0000,-1.0000,823.3410,824.3730,821.6850,0.0000,0.0000,0.0000
9/1/2016,6.4222,905.5390,19.9388,28.2200,12.6600,53.1077,76.8800,27.6500,12.3806,96.0000,-1.0000,820.8028,822.8340,818.5470,0.0000,0.0000,0.0000
9/2/2016,4.6053,1060.5200,21.3404,27.7100,15.8300,43.3742,75.3200,26.2600,30.8479,100.0000,-1.0000,817.5862,819.7450,815.5950,0.0002,0.2540,0.0000
9/3/2016,4.8382,1160.4400,22.1412,29.6100,16.0800,33.3269,58.7700,16.2300,24.7243,97.0000,-1.0000,815.1851,816.8050,813.4870,0.0000,0.0000,0.0000
9/4/2016,5.2262,1113.4300,20.3928,28.2900,14.5400,39.8922,60.6400,18.0600,21.1743,93.0000,-1.0000,812.2421,814.0600,809.2840,0.0000,0.0000,0.0000
9/5/2016,6.4235,923.5570,20.8994,29.9000,13.2200,30.6993,58.1900,10.4000,9.8875,78.0000,-1.0000,812.9948,815.3520,810.9260,0.0000,0.0000,0.0000
9/6/2016,5.0765,1155.8900,18.0249,24.2200,14.5100,62.2682,100.0000,38.4800,30.2819,99.0000,-1.0000,817.0663,819.1410,815.2070,0.0000,0.0000,0.0000
9/7/2016,4.7572,1096.5600,19.9606,28.3500,12.8400,47.7083,100.0000,11.9200,29.2931,100.0000,-1.0000,817.6601,819.4700,816.4750,0.0000,0.0000,0.0000
9/8/2016,6.8946,909.7780,22.3775,30.2300,15.0500,16.2685,33.1200,7.4530,4.8278,18.0000,-1.0000,817.2143,819.5500,814.4220,0.0000,0.0000,0.0000
9/9/2016,6.4805,903.0410,16.2990,21.9700,8.1200,34.1677,62.3600,16.5400,10.5785,92.0000,-1.0000,821.8283,827.1130,816.6000,0.0000,0.0000,0.0000
9/10/2016,6.7597,898.1250,16.5763,26.3600,5.7980,35.7155,67.5200,12.7200,4.2220,15.0000,-1.0000,823.0206,826.7890,819.6150,0.0000,0.0000,0.0000
9/11/2016,5.1549,957.3480,22.6949,30.9000,13.8500,13.2027,23.1400,7.1230,28.8042,100.0000,-1.0000,817.4927,820.2340,814.6190,0.0000,0.0000,0.0000
9/12/2016,5.2054,1129.3700,17.0939,22.0500,9.9200,42.3895,100.0000,20.1500,18.8789,99.0000,-1.0000,817.4549,821.0620,814.1640,0.0012,0.2540,0.0000
9/13/2016,1.9327,520.2020,10.3348,15.5500,8.5500,93.4011,100.0000,60.8000,41.8771,100.0000,-1.0000,821.6116,824.2220,819.9580,0.0019,0.2540,0.0000
9/14/2016,5.3360,931.5700,14.8471,22.8600,7.5150,67.2819,100.0000,34.1500,19.8090,99.0000,-1.0000,818.7765,822.2630,815.3610,0.0000,0.0000,0.0000
9/15/2016,4.7230,1103.7000,15.2266,21.5300,10.3500,44.7957,56.6300,28.8100,26.3590,94.0000,-1.0000,818.5576,820.8100,816.1850,0.0000,0.0000,0.0000
9/16/2016,6.2313,853.4550,14.3623,20.8500,7.7440,43.1043,72.0000,27.0600,4.5583,26.0000,-1.0000,820.5800,821.8950,818.7700,0.0000,0.0000,0.0000
9/17/2016,5.7569,988.2730,16.7746,24.8400,8.9600,32.3176,57.9200,13.1100,10.0313,53.0000,-1.0000,819.0590,821.3730,816.6220,0.0000,0.0000,0.0000
9/18/2016,6.2955,854.6070,22.3861,30.1600,12.2900,16.5753,27.9700,11.1900,6.0736,40.0000,-1.0000,818.1521,819.7560,816.8730,0.0000,0.0000,0.0000
9/19/2016,6.1483,853.4140,23.9574,30.4200,17.7200,15.5377,22.7000,8.9700,4.5701,19.0000,-1.0000,820.7599,822.6590,819.3580,0.0000,0.0000,0.0000
9/20/2016,3.9888,857.2770,24.1440,29.6400,20.0500,14.3754,22.0900,8.8600,44.6611,100.0000,-1.0000,819.8316,821.8480,818.3650,0.0000,0.0000,0.0000
9/21/2016,3.4409,1058.0800,21.4321,26.0500,17.4900,29.0546,47.8700,19.9400,35.5778,100.0000,-1.0000,817.5318,818.9190,816.6380,0.0000,0.0000,0.0000
9/22/2016,4.4724,1085.7000,16.1701,21.4500,11.3100,63.3514,100.1000,39.2600,21.2417,97.0000,-1.0000,815.4352,817.7140,811.8490,0.0000,0.0000,0.0000
9/23/2016,5.2430,931.4650,18.6929,29.7200,11.3200,40.9977,89.2000,9.9900,12.4299,85.0000,-1.0000,809.8652,813.2060,806.0970,0.0000,0.0000,0.0000
9/24/2016,5.0589,1139.6200,12.5530,19.8700,5.3310,31.6566,67.8600,15.4200,14.5931,99.0000,-1.0000,817.1964,824.5830,812.9280,0.0000,0.0000,0.0000
9/25/2016,5.9417,830.2250,12.4962,18.4800,7.5940,39.0591,56.1900,25.1500,4.1190,36.0000,-1.0000,826.9116,828.9050,824.5950,0.0000,0.0000,0.0000
9/26/2016,5.9032,823.5640,16.0783,23.4100,8.5700,28.1373,43.8100,16.3100,4.1611,29.0000,-1.0000,825.8132,827.9440,823.9430,0.0000,0.0000,0.0000
9/27/2016,5.8482,821.1060,18.3125,26.1700,10.0200,24.6798,41.3200,12.8000,4.5958,40.0000,-1.0000,821.6323,824.3140,819.5490,0.0000,0.0000,0.0000
9/28/2016,5.6997,806.9850,19.1304,26.6600,13.6900,23.5298,36.5100,13.9400,4.5701,55.0000,-1.0000,824.3897,826.0280,822.0820,0.0000,0.0000,0.0000
9/29/2016,5.4740,816.1250,17.8759,24.8800,9.6800,32.6840,54.5600,21.8700,8.6423,56.0000,-1.0000,823.9798,826.0090,822.0450,0.0000,0.0000,0.0000
9/30/2016,2.6161,1011.3400,16.6551,21.4600,13.6800,44.8138,61.3400,33.4900,37.5150,100.0000,-1.0000,821.5674,822.8830,820.1790,0.0000,0.0000,0.0000
10/1/2016,5.1347,879.2990,18.4865,24.9100,12.8900,34.0896,46.5500,21.4100,7.9736,60.0000,-1.0000,818.6588,820.3520,816.8110,0.0000,0.0000,0.0000
10/2/2016,5.0691,1085.9600,19.3472,26.0400,14.4000,30.8088,45.9800,17.9900,12.6493,78.0000,-1.0000,816.4203,819.1930,811.1220,0.0000,0.0000,0.0000
10/3/2016,5.4893,950.2710,17.0298,25.4300,8.6600,25.9150,51.2900,12.0000,13.6979,76.0000,-1.0000,805.3794,811.1230,801.1560,0.0000,0.0000,0.0000
10/4/2016,5.6091,801.5060,10.2168,14.9700,4.9520,21.7046,32.7800,14.2000,3.9979,16.0000,-1.0000,809.1237,812.7120,806.6110,0.0000,0.0000,0.0000
10/5/2016,3.8622,971.5940,11.3464,16.7200,4.9590,23.3815,37.8100,14.9400,23.8528,100.0000,-1.0000,813.1999,815.0420,811.4710,0.0000,0.0000,0.0000
10/6/2016,2.9793,986.3820,6.2176,11.4000,2.8710,74.2648,100.1000,28.8000,29.1566,100.0000,-1.0000,818.5926,822.9750,814.5190,0.0049,0.2540,0.0000
10/7/2016,5.4589,790.5310,10.0154,18.3400,2.3570,30.8663,75.1200,11.0200,3.7243,28.0000,-1.0000,822.7031,824.4960,821.0370,0.0000,0.0000,0.0000
10/8/2016,5.1683,795.6230,14.8728,21.7600,6.9840,17.9811,28.9700,8.1200,11.4266,81.0000,-1.0000,822.7340,824.1920,821.6440,0.0000,0.0000,0.0000
10/9/2016,3.9596,886.4310,15.7082,22.4200,9.9200,23.7308,31.7700,15.3700,25.6118,98.0000,-1.0000,820.1489,822.7380,818.2830,0.0000,0.0000,0.0000
10/10/2016,5.0635,775.3140,18.6727,25.0700,14.0400,21.4639,30.6300,9.0900,11.9285,92.0000,-1.0000,817.9833,819.2990,816.3470,0.0000,0.0000,0.0000
10/11/2016,4.0334,963.5380,16.1354,23.7600,8.4000,37.1176,100.1000,14.9600,16.8657,90.0000,-1.0000,817.1809,821.3910,814.2380,0.0000,0.0000,0.0000
10/12/2016,1.2132,279.2290,3.6899,8.6100,1.6080,99.6101,100.1000,81.7000,39.5644,100.0000,-1.0000,821.8657,823.2170,820.0370,0.0007,0.2540,0.0000
10/13/2016,4.5781,738.1830,15.7099,23.9300,3.6430,28.8096,100.1000,11.6000,14.3020,97.0000,-1.0000,818.1288,820.0960,816.3260,0.0000,0.0000,0.0000
10/14/2016,3.3077,895.9180,19.2230,26.5500,12.3800,18.0475,28.4500,11.0400,30.5271,100.0000,-1.0000,813.4699,816.7780,810.5510,0.0000,0.0000,0.0000
10/15/2016,4.7176,869.2030,20.0577,27.6300,13.7600,17.5199,24.9600,10.7600,9.5317,68.0000,-1.0000,812.3374,813.7210,811.3520,0.0000,0.0000,0.0000
10/16/2016,4.7896,728.1530,19.3232,29.4300,10.0900,20.4070,45.9200,7.4640,4.4382,26.0000,-1.0000,808.9928,811.8510,806.1760,0.0000,0.0000,0.0000
10/17/2016,4.5995,710.7550,12.8378,25.0100,6.4560,36.5059,52.1500,11.9200,4.4739,23.0000,-1.0000,806.7316,813.5570,803.0900,0.0000,0.0000,0.0000
10/18/2016,3.7257,847.0500,9.5133,15.6900,4.4220,40.8493,79.5700,24.5700,13.3646,83.0000,-1.0000,815.3632,818.9780,812.9860,0.0000,0.0000,0.0000
10/19/2016,4.8288,843.5890,7.9136,13.5400,2.6890,44.4018,100.1000,15.8500,4.9986,40.0000,-1.0000,822.3064,827.7750,818.5030,0.0000,0.0000,0.0000
10/20/2016,4.7281,716.0890,7.6716,15.0400,0.4780,31.3876,61.4500,12.6000,3.4513,17.0000,-1.0000,825.2405,828.3230,820.2900,0.0000,0.0000,0.0000
10/21/2016,4.2727,732.3740,16.0075,24.1700,6.5680,11.3510,17.5800,6.6290,20.0111,97.0000,-1.0000,819.2177,820.8640,817.2530,0.0000,0.0000,0.0000
10/22/2016,4.5061,707.1470,18.0464,26.2300,9.7000,11.9269,18.1200,6.8500,4.2826,20.0000,-1.0000,816.3829,818.9050,813.9080,0.0000,0.0000,0.0000
10/23/2016,4.4089,800.4270,14.4468,20.7200,7.5490,23.1698,33.5900,15.4600,9.0729,74.0000,-1.0000,821.7521,823.5510,818.9260,0.0000,0.0000,0.0000
10/24/2016,4.0262,758.0260,17.1466,25.2600,9.7000,18.8427,35.0800,9.9900,13.8569,88.0000,-1.0000,821.1459,823.4490,818.1300,0.0000,0.0000,0.0000
10/25/2016,2.2403,1039.1200,16.3278,21.9900,12.3800,29.0107,40.1300,20.9500,29.0814,100.0000,-1.0000,818.9660,822.3630,817.4140,0.0000,0.0000,0.0000
10/26/2016,4.2857,677.6350,15.6527,21.8000,10.2100,26.0671,42.3500,15.3800,3.7357,19.0000,-1.0000,823.0377,824.7970,821.9800,0.0000,0.0000,0.0000
10/27/2016,4.1260,667.9580,18.3312,27.0500,10.4200,13.8917,24.0500,6.9120,8.0806,67.0000,-1.0000,820.3139,823.0910,817.1650,0.0000,0.0000,0.0000
10/28/2016,2.4416,695.4050,19.4429,26.0400,15.2400,16.2416,24.7100,10.1800,33.3792,100.0000,-1.0000,816.9769,818.3330,815.9520,0.0000,0.0000,0.0000
10/29/2016,3.3328,842.3980,17.2741,23.5500,7.5550,31.9213,94.2000,15.7200,12.3905,96.0000,-1.0000,818.6983,823.3060,815.6890,0.0000,0.0000,0.0000
10/30/2016,2.8148,696.6830,13.6146,23.1300,3.3210,52.5584,100.1000,16.8600,29.7514,100.0000,-1.0000,818.5992,822.9550,812.0530,0.0000,0.0000,0.0000
10/31/2016,4.1431,651.5240,18.0830,25.4400,10.2300,21.0862,39.4700,8.9500,5.5511,41.0000,-1.0000,810.8756,813.9340,809.1950,0.0000,0.0000,0.0000
11/1/2016,3.3845,668.8860,11.5030,17.7400,6.6520,37.6316,61.4600,24.4600,12.4007,87.0000,-1.0000,813.6278,818.2100,811.0100,0.0000,0.0000,0.0000
11/2/2016,3.4131,622.7700,9.4981,15.1000,6.1380,54.3613,81.1000,33.9000,8.1660,81.0000,-1.0000,823.8875,827.1440,818.2300,0.0002,0.2540,0.0000
11/3/2016,4.0114,642.0850,11.9000,19.8700,5.2380,27.3732,52.9800,10.6100,3.1694,15.0000,-1.0000,828.0853,829.0990,826.5640,0.0000,0.0000,0.0000
11/4/2016,3.8229,617.8460,12.7673,19.9800,6.6020,25.3116,35.6100,15.8300,4.3535,36.0000,-1.0000,825.8623,828.5690,822.9680,0.0000,0.0000,0.0000
11/5/2016,2.1596,748.1780,12.1641,18.5700,8.9700,40.5912,60.5700,23.8200,26.2743,99.0000,-1.0000,819.9301,823.0150,817.1030,0.0000,0.0000,0.0000
11/6/2016,3.4644,746.3950,13.6862,20.4800,8.6600,33.4138,57.7600,18.3100,9.5999,53.0000,-1.0000,816.7667,819.1110,814.4690,0.0000,0.0000,0.0000
11/7/2016,3.6855,601.3470,11.6495,15.7000,5.7820,29.5573,41.6900,19.3700,3.0042,14.0000,-1.0000,824.8340,828.6620,819.0130,0.0000,0.0000,0.0000
11/8/2016,3.6419,615.3160,10.3812,17.4700,4.1810,28.9704,44.2100,14.6300,5.6780,43.0000,-1.0000,828.4622,829.9270,826.7400,0.0000,0.0000,0.0000
11/9/2016,3.7084,604.6400,13.3764,21.6700,6.4710,18.2609,28.0000,10.1700,3.1243,17.0000,-1.0000,824.3395,826.7360,822.2520,0.0000,0.0000,0.0000
11/10/2016,3.5881,589.7280,13.3477,18.7200,6.5770,24.7713,42.5900,14.1700,3.5690,29.0000,-1.0000,825.7695,829.0260,822.8210,0.0000,0.0000,0.0000
