TOT Global CMP22 (vent/cor) [kW-hr/m^2],MAX Global CMP22 (vent/cor) [W/m^2],AVG Tower Dry Bulb Temp [deg C],MAX Tower Dry Bulb Temp [deg C],MIN Tower Dry Bulb Temp [deg C],AVG Tower RH [%],MAX Tower RH [%],MIN Tower RH [%],AVG Total Cloud Cover [%],MAX Total Cloud Cover [%],MIN Total Cloud Cover [%],AVG Station Pressure [mBar],MAX Station Pressure [mBar],MIN Station Pressure [mBar],AVG Precipitation [mm],MAX Precipitation [mm],MIN Precipitation [mm]
37615,6092910,93255,173400,9400,308036,1001000,119900,25750,130000,-10000,8086485,8115730,8053230,2,2540,0
36362,6278900,25849,76730,-6470,595851,1001000,244000,78511,930000,-10000,8109177,8172620,8056430,86,2540,0
37074,6091060,38294,83900,-12160,393405,686400,246300,23937,470000,-10000,8205424,8220800,8168480,0,0,0
35960,6046050,61045,151300,-22920,326883,748200,117300,34846,410000,-10000,8196849,8210600,8184960,0,0,0
36703,6040380,105456,177500,39480,219901,352300,108100,25630,120000,-10000,8173260,8189730,8155890,0,0,0
34592,6069990,100029,170600,54490,162302,259200,85300,83473,920000,-10000,8098073,8155810,8036150,0,0,0
10871,7114230,38176,81100,-6650,532368,1001000,147400,336812,990000,-10000,8025068,8062060,7998650,19,2540,0
26883,6548330,15626,78310,-18610,676503,1001000,304600,183933,970000,-10000,8064954,8085230,8025110,90,10160,0
34057,6477700,40566,98700,-28020,460377,785300,224200,54396,530000,-10000,8065462,8161210,7968640,0,0,0
34147,5992720,33565,95300,-33670,457820,703400,276000,25007,170000,-10000,8150627,8168160,8120640,0,0,0
20925,7006240,25671,113200,-64810,681871,1001000,310900,176792,990000,-10000,8155575,8255320,8096620,5,2540,0
34161,8333720,3774,82300,-96400,446030,1001000,77240,126660,960000,-10000,8204915,8256490,8167200,23,5080,0
33587,5606070,102842,175300,39800,164659,310100,84000,23194,110000,-10000,8171439,8183840,8153690,0,0,0
32939,6009110,95665,162500,45430,209955,309900,113200,52512,480000,-10000,8155522,8179670,8124780,0,0,0
31664,5828800,104317,164800,57040,186079,289200,115300,54277,780000,-10000,8100673,8124520,8082600,0,0,0
20228,6811240,21405,111100,-45110,565531,1001000,182600,182135,970000,-10000,8114696,8155200,8079370,0,0,0
7136,1847360,-71510,-44600,-103500,1001301,1002000,1001000,320660,970000,-10000,8198277,8247920,8154270,0,0,0
14636,7082320,-93949,-10040,-117500,1001288,1002000,809000,274113,980000,-10000,8231887,8251630,8199130,0,0,0
26460,6634280,-83251,-31960,-108000,917524,1002000,600000,211903,970000,-10000,8181487,8199160,8171840,44,5080,0
14250,3696620,-67747,-35350,-86800,919958,1002000,662000,309485,970000,-10000,8152510,8171920,8127400,0,0,0
30739,6079780,-42345,-1050,-74460,642540,1001000,269400,96071,770000,-10000,8116376,8128150,8094890,25,5080,0
16727,3553670,7199,32890,-36660,266197,374900,179500,283619,980000,-10000,8122972,8169990,8080700,0,0,0
27391,6267250,46989,98300,-8360,240982,403800,147100,55479,780000,-10000,8187151,8200070,8167320,0,0,0
30665,5303120,47859,104400,-6880,308616,547900,199200,19262,90000,-10000,8208827,8229390,8183340,0,0,0
27530,5284020,73119,160800,8570,236346,564600,107100,71190,790000,-10000,8156856,8183780,8133690,0,0,0
20155,6659620,41623,85300,4140,316844,588400,185600,186618,990000,-10000,8224864,8283610,8163440,0,0,0
20215,5119190,56960,129200,-5950,171984,311800,46280,229493,970000,-10000,8233827,8278810,8199690,0,0,0
17133,4977320,110180,155500,55800,149026,225200,71540,268051,990000,-10000,8166277,8205460,8119850,0,0,0
14494,5958220,103435,136700,73200,296575,490200,211100,202791,960000,-10000,8149308,8166260,8120910,0,0,0
14260,3768810,144733,200400,88900,163983,323600,68980,314085,1000000,-10000,8108204,8154390,8072930,0,0,0
19823,5400480,122034,168200,62670,178840,290500,98700,252757,990000,-10000,8071276,8117110,8017110,0,0,0
20257,6057200,55544,108100,9250,436905,681800,191300,257822,990000,-10000,8046063,8085600,8011770,0,0,0
5775,1412440,-23236,11250,-33900,923175,1001000,626700,295804,960000,-10000,8094671,8127760,8074470,0,0,0
22658,6179560,13447,98800,-60950,563746,1001000,181400,162999,970000,-10000,8062950,8114980,8016630,44,2540,0
28197,5689200,11290,61260,-32900,603969,934000,325200,20788,190000,-10000,7998836,8017530,7982170,0,0,0
13147,2734300,-61549,-30830,-81600,874304,1001000,333300,312739,970000,-10000,8017524,8062070,7970060,0,0,0
28148,5277550,-33629,18830,-77020,388803,599700,192300,78750,910000,-10000,8083150,8103570,8056840,11,2540,0
20688,7457360,-77032,-39590,-115200,535039,818000,210500,162042,980000,-10000,8130600,8163640,8089870,0,0,0
28494,6112500,37001,126500,-65890,346542,487900,216300,100653,730000,-10000,8145301,8176320,8112050,0,0,0
27020,6162670,76481,153100,22160,270606,361500,155200,80175,910000,-10000,8134467,8169110,8088800,0,0,0
16386,5257200,49151,144500,-11250,414002,1001000,165700,215567,990000,-10000,8080868,8100290,8059370,0,0,0
27336,5860300,32829,74240,-5630,349131,470600,221300,58330,600000,-10000,8077047,8115920,8010970,0,0,0
26279,5323470,40424,105700,-19500,494008,812000,281900,63250,960000,-10000,7968104,8010770,7939660,0,0,0
23891,5411560,-6420,47980,-52090,409439,822000,168400,123876,970000,-10000,7986184,8038550,7960600,0,0,0
28424,5242590,-33969,26920,-73690,272537,418400,107800,61542,860000,-10000,8081844,8106700,8036430,0,0,0
8141,2477200,-53014,-27170,-79720,689827,1002000,348400,305965,970000,-10000,8068233,8108060,8036380,0,0,0
21370,4753300,-89638,-48620,-115500,777264,1002000,535200,198727,970000,-10000,8204323,8275340,8107940,21,5080,0
30022,5264940,-80711,-20000,-117600,567261,811000,359900,17387,100000,-10000,8142073,8268250,7915060,4,2540,0
27591,5291970,-75890,13650,-125100,648032,840000,315100,41618,660000,-10000,8030672,8280650,7905630,0,0,0
25702,5930170,-77901,-38700,-120200,562448,741400,425500,75090,890000,-10000,8102965,8130190,8067300,0,0,0
25612,5995930,-79763,-19700,-120900,597656,753000,401300,118042,930000,-10000,8150072,8184190,8125090,0,0,0
26045,6235530,-85019,-23590,-122800,602466,747700,457900,112125,990000,-10000,8222262,8253840,8181410,0,0,0
31137,5394600,-43312,39080,-120400,308286,612400,134200,19007,110000,-10000,8236478,8246520,8223180,0,0,0
30632,5454640,3561,78740,-51080,200155,314900,84500,23201,130000,-10000,8224169,8235910,8216730,0,0,0
29419,5179660,26091,104400,-36690,304364,474600,156500,22632,140000,-10000,8218481,8231630,8203270,0,0,0
28247,5255880,28839,99800,-9040,401323,569400,230500,32715,190000,-10000,8157132,8203270,8119470,0,0,0
29291,5200350,40622,89500,5840,334792,485600,217600,19833,160000,-10000,8103244,8119400,8091530,0,0,0
26425,5625600,29167,87400,-8660,430706,598400,265500,83590,550000,-10000,8081892,8097540,8063810,0,0,0
17087,3739890,4394,32030,-17380,731675,1001000,482700,305785,990000,-10000,8062575,8072610,8048460,0,0,0
13287,3994040,-51331,-14360,-76490,999512,1002000,826000,291715,980000,-10000,8102300,8130610,8066020,11,2540,0
28426,6040320,-56644,9330,-105800,799303,1002000,461700,64660,850000,-10000,8138877,8158090,8122640,28,15240,0
31954,5414090,-42969,29830,-116500,579497,1002000,206400,17236,90000,-10000,8143424,8157170,8130150,0,0,0
27464,6042850,13432,73180,-58250,212353,412600,87000,159444,970000,-10000,8145584,8162790,8126920,0,0,0
25608,6318260,55356,113800,6050,147428,339200,43300,104875,920000,-10000,8168639,8188150,8148420,0,0,0
25619,7494680,75651,131700,31860,221519,387000,86400,200368,990000,-10000,8125482,8171800,8073130,0,0,0
32938,5694430,37663,72780,-11420,248067,438900,74350,24493,180000,-10000,8060167,8077800,8021220,0,0,0
22670,6265830,-20035,24010,-71920,482982,798500,273400,190431,980000,-10000,8076473,8116540,8057780,0,0,0
27965,8446080,-17620,39200,-72510,360005,798400,195900,114764,940000,-10000,8114963,8143320,8096180,0,0,0
31671,5582210,-7406,67560,-95600,471881,1002000,255000,38069,530000,-10000,8135695,8162910,8099520,0,0,0
21494,6912500,56833,116200,2570,319184,413600,219100,255289,980000,-10000,8131421,8156670,8113450,0,0,0
31540,5707780,22436,58570,-13590,597651,1001000,316100,48796,700000,-10000,8165056,8203180,8124760,12,2540,0
27963,7126080,36706,93200,-3500,306913,449200,195700,267056,960000,-10000,8118945,8177980,8084440,0,0,0
34285,6309440,6872,62070,-27980,348632,516900,182900,21368,180000,-10000,8214089,8234380,8177450,0,0,0
31380,6220510,66317,141400,-22510,333108,500300,221500,59146,620000,-10000,8190861,8215500,8155660,0,0,0
27913,6271920,89834,155100,25290,204231,433800,99500,73444,530000,-10000,8129208,8155570,8090650,0,0,0
27251,5883670,36256,105500,-3850,414834,801000,160700,99674,890000,-10000,8064435,8095090,8037030,0,0,0
26817,7868400,-6237,40170,-49080,622041,1002000,304500,205868,970000,-10000,8148340,8195160,8094920,0,0,0
35686,6084340,797,68990,-60800,340721,867000,155300,22000,140000,-10000,8199571,8212840,8190110,4,2540,0
35805,5909270,56333,112000,-16200,321489,454200,230200,24937,250000,-10000,8201411,8220190,8187200,0,0,0
36340,6027490,87764,158300,-2560,278556,531400,146700,23389,120000,-10000,8168445,8202710,8115770,0,0,0
33787,6195150,96971,135200,65690,198558,338900,90800,77278,940000,-10000,8094508,8125000,8054040,0,0,0
31885,7646480,74805,187100,-23190,480337,1001000,165200,166959,940000,-10000,8032154,8071660,7986740,0,0,0
12752,3338530,-28832,-3500,-51020,959945,1001000,581000,346549,980000,-10000,8065816,8106050,7998060,25,2540,0
13906,3466850,-48178,-27460,-67170,1000220,1002000,943000,348681,980000,-10000,8008845,8094000,7949530,0,0,0
27967,5997980,-77272,-58780,-100400,866304,1002000,635200,341243,980000,-10000,7946084,8051500,7869660,0,0,0
41457,7205430,-73249,-43630,-108100,371603,678000,247300,25431,240000,-10000,7998402,8170720,7864490,0,0,0
28792,6457000,-30975,44590,-73600,374822,630900,174200,205917,970000,-10000,8137803,8197490,7983910,39,7620,0
41321,6679760,-5872,34140,-46690,307773,424600,211100,32257,520000,-10000,8217192,8238930,8191830,0,0,0
25254,8325690,56320,102800,7180,273515,369900,138000,203250,970000,-10000,8193337,8214170,8176150,0,0,0
34666,7135140,7148,73510,-67290,528570,1000000,106800,103056,930000,-10000,8221453,8257290,8178210,0,0,0
40910,6765090,20418,90700,-71960,524609,999000,295300,33937,390000,-10000,8243230,8263210,8226440,0,0,0
42672,6741590,86368,133200,25640,232644,381700,120200,23444,100000,-10000,8233473,8244360,8218340,0,0,0
37973,7380820,134046,202100,81800,109798,201100,48390,132375,960000,-10000,8201351,8218240,8179790,0,0,0
26762,8126790,112855,169600,58280,213054,422900,96100,239389,970000,-10000,8204064,8228820,8187850,0,0,0
36582,7858610,65071,119100,16230,507012,785200,301400,120965,650000,-10000,8223899,8239270,8201760,0,0,0
42578,7869870,98256,186000,-13790,338851,1001000,50350,72542,550000,-10000,8153517,8202630,8094080,0,0,0
31558,9657850,60149,125000,-1430,351854,612600,195300,286382,980000,-10000,8128854,8164250,8100400,0,0,0
33046,7627550,87428,143400,27240,319957,427600,232300,234788,980000,-10000,8113348,8151590,8071420,0,0,0
26140,6071330,58875,137600,-4440,534257,1001000,147200,250625,950000,-10000,8154417,8173070,8138480,0,0,0
43593,7907110,101143,172400,36830,234327,372800,136500,112832,740000,-10000,8135224,8165180,8081620,0,0,0
46018,8199290,130211,219500,51800,213595,576900,78910,43576,490000,-10000,8060547,8118570,8011480,0,0,0
45777,8067650,114352,187600,53330,114571,297800,34540,146986,940000,-10000,8133614,8145620,8117580,0,0,0
46585,8810050,100223,167500,29780,207571,460700,77670,79507,750000,-10000,8164928,8201760,8143380,0,0,0
46642,7866590,21994,72900,-27070,456490,617600,297900,58667,570000,-10000,8212039,8244090,8171940,0,0,0
33497,7144460,16054,87500,-25590,598047,1001000,255400,360111,1000000,-10000,8139161,8171620,8111750,0,0,0
46836,8091270,-10756,37400,-39160,647134,1001000,336000,123424,970000,-10000,8201982,8219770,8165130,60,2540,0
51219,7733680,27172,90300,-24720,243981,490200,92700,27868,120000,-10000,8187662,8220510,8166060,0,0,0
50694,7560490,7743,88600,-56370,401765,584600,223400,27861,190000,-10000,8220402,8245070,8201280,0,0,0
51840,7948460,80277,159400,-4500,293573,530200,116400,35431,230000,-10000,8208128,8234520,8179540,0,0,0
38621,9135210,125546,202300,50810,163735,391000,83100,226396,1000000,-10000,8131743,8179820,8089650,0,0,0
52822,7817290,98007,155000,47170,210380,345900,123700,43389,520000,-10000,8156594,8173290,8138350,0,0,0
47073,9431800,86540,159600,1180,315902,937000,109300,109201,900000,-10000,8139305,8177010,8113150,0,0,0
40769,9225350,60619,121900,1520,253479,345800,173300,264722,920000,-10000,8174394,8201840,8136370,0,0,0
49226,8186840,96101,134100,56530,246349,650500,109400,119694,980000,-10000,8124601,8175010,8095880,0,0,0
44727,10251200,84087,160700,1900,254970,605000,102100,297854,980000,-10000,8174205,8193290,8156120,0,0,0
32382,9289770,90905,142000,35330,273172,527800,146000,319479,1000000,-10000,8182999,8217400,8153130,0,0,0
31744,8898990,95701,167500,27830,316687,522600,160100,349944,1000000,-10000,8155738,8206110,8112890,0,0,0
36223,11328000,127154,186600,79110,242437,399100,130700,294090,990000,-10000,8074905,8115470,8033580,0,0,0
23479,6909490,58224,117000,6780,533230,959000,230200,294812,1000000,-10000,8028235,8076550,8003010,7,2540,0
47263,10396800,34653,83000,-4430,595502,902000,347100,177872,840000,-10000,8107771,8126280,8076400,0,0,0
38169,10314400,53996,120400,-10320,358475,692000,152900,263660,1000000,-10000,8139726,8185380,8109950,0,0,0
58830,8323880,95946,188900,13170,272326,474100,131500,43521,210000,-10000,8188904,8199790,8175480,0,0,0
58980,8537120,133428,207100,73730,203725,284000,95000,63187,480000,-10000,8164921,8195560,8122580,0,0,0
41459,9816000,115875,174100,60280,293895,418300,173400,393778,1000000,-10000,8082622,8122460,8055790,0,0,0
38264,9214210,114825,151500,68320,241917,343400,173500,298257,1000000,-10000,8102589,8120230,8089950,0,0,0
54262,8863380,86433,154100,29810,342518,723900,134900,128778,850000,-10000,8072495,8098780,8044100,0,0,0
56577,11175400,15639,60780,-15870,369130,1001000,202200,119179,850000,-10000,8133831,8151270,8094010,0,0,0
63902,9795600,23741,73510,-19030,339261,688800,155100,87090,660000,-10000,8157303,8176200,8140540,0,0,0
17131,3858750,-14646,6990,-34380,798613,1001000,469800,424965,990000,-10000,8146585,8170610,8129200,0,0,0
39211,7542850,-50329,-20600,-73550,889280,1002000,574700,419840,1000000,-10000,8194235,8212660,8165000,55,2540,0
48649,11025400,-38474,15050,-71500,593072,1002000,278400,201058,980000,-10000,8231072,8245020,8206980,19,5080,0
67248,9135170,35228,130000,-66650,345830,588200,160800,32563,130000,-10000,8202458,8237300,8165550,0,0,0
58102,10531900,145282,219100,71740,183688,314800,83400,387958,1000000,-10000,8126864,8165430,8083130,0,0,0
60109,10683000,133360,204900,32760,220858,1001000,69710,151076,830000,-10000,8031532,8083140,7997110,18,2540,0
17799,2860230,-14620,32520,-60100,1001523,1002000,1001000,434014,980000,-10000,8076194,8155230,8009130,19,2540,0
51930,10885700,16948,73230,-67380,621458,1002000,270800,185639,990000,-10000,8124066,8237140,8001440,74,30480,0
43648,10993800,27715,94900,-11450,594715,1001000,242500,296729,1000000,-10000,8092130,8125080,8074610,0,0,0
34124,7415790,-25411,21460,-55920,789173,1002000,438000,378062,990000,-10000,8161204,8189110,8123780,14,2540,0
71956,9566720,35918,100300,-41400,316823,648000,143100,30590,110000,-10000,8162659,8184610,8132920,0,0,0
59036,10807600,83433,157100,14530,347746,489700,173600,250132,1000000,-10000,8094685,8132930,8052530,0,0,0
44456,12125700,62845,115700,25850,659547,1001000,349700,368182,990000,-10000,8046275,8062850,8018680,2,2540,0
40634,11683000,13655,81700,-43040,722401,1001000,218200,305764,1000000,-10000,8075501,8110560,8052140,5,2540,0
30414,8237350,-6136,60120,-42040,773298,1001000,460700,456569,1000000,-10000,8104516,8127850,8083960,49,20320,0
72604,10345100,30875,88800,-35850,381226,532600,246200,51069,390000,-10000,8175883,8216010,8116110,0,0,0
72461,9539740,102084,169700,35340,267767,379900,163000,32250,110000,-10000,8200455,8227640,8169000,0,0,0
73375,9585760,132959,183800,86100,228730,364300,124100,32299,110000,-10000,8175696,8212090,8162190,0,0,0
63241,11290100,140585,208000,69420,275124,442800,141900,164535,950000,-10000,8196383,8217080,8169480,0,0,0
60495,10976000,99198,177900,56170,282331,507500,128100,189569,990000,-10000,8160846,8199700,8133650,0,0,0
74360,9925240,128740,199800,44880,173358,283800,96300,75535,690000,-10000,8190834,8208830,8173100,0,0,0
73045,9500920,113484,169100,55980,371931,607300,193400,44076,150000,-10000,8214284,8234500,8191220,0,0,0
60772,9471600,109356,164200,48190,360307,591500,193800,356674,990000,-10000,8199785,8227220,8155600,0,0,0
56998,13110800,134682,216800,60560,324270,490700,166900,272042,970000,-10000,8103502,8155470,8079210,0,0,0
34584,10926200,113544,183100,18790,492210,1001000,225400,455667,1000000,-10000,8112906,8156610,8076400,78,2540,0
44978,12930300,68151,131900,23790,767832,1001000,443900,327736,1000000,-10000,8170660,8190630,8142740,0,0,0
60841,12391700,123810,201400,61290,446182,745400,222900,253986,980000,-10000,8176246,8187220,8159870,0,0,0
60385,11927100,146365,205000,96300,340962,462500,200700,203167,970000,-10000,8163695,8183330,8143140,0,0,0
59508,11776800,160580,226500,109700,282608,411400,150100,272722,990000,-10000,8093298,8143360,8043340,0,0,0
20874,8038950,59701,129000,30,665768,1001000,312200,438750,1000000,-10000,8087400,8114620,8044110,21,2540,0
15867,3547830,-2682,9170,-11550,1001000,1001000,1001000,472826,990000,-10000,8114372,8140330,8089190,74,2540,0
46521,13009200,-1115,31480,-17570,945566,1001000,686500,465868,990000,-10000,8141572,8199020,8080030,162,45720,0
45350,13999700,13084,81600,-16240,755984,1001000,379300,412806,1000000,-10000,8189449,8232300,8136400,2,2540,0
65099,13631500,40737,102600,-3590,670076,1001000,386800,344635,980000,-10000,8188152,8205380,8165320,2,2540,0
59002,10804700,70500,121700,15630,587540,811000,394400,320986,990000,-10000,8169917,8195810,8153390,0,0,0
80354,10095600,107142,171700,38070,488383,678100,288400,37208,130000,-10000,8204884,8214030,8189760,0,0,0
72414,10421800,157773,244300,63930,310267,561800,129300,107181,810000,-10000,8164197,8205080,8130880,0,0,0
46286,10465100,159066,238400,102500,268027,617800,145000,439681,1000000,-10000,8083640,8131980,8040130,0,0,0
47483,12244000,121487,174500,83500,267341,375100,193900,345458,1000000,-10000,8069896,8091990,8052930,0,0,0
67561,10785400,123849,182900,59710,402789,690800,179800,237861,990000,-10000,8058342,8090230,8024100,0,0,0
25327,9420850,46346,95000,690,750115,1001000,314400,369090,990000,-10000,8063608,8096150,8025960,26,2540,0
64387,13358800,48555,109700,-14200,656660,1001000,393000,294674,980000,-10000,8093805,8130640,8056300,0,0,0
12488,3595500,11936,22990,-1110,900698,1001000,661800,484715,990000,-10000,8139943,8153820,8126910,21,2540,0
17383,3977260,367,14310,-5880,1001000,1001000,1001000,484701,980000,-10000,8121961,8148980,8102890,97,2540,0
29633,7368670,-1646,13420,-12240,998022,1001000,846000,500910,990000,-10000,8130675,8165770,8082550,85,5080,0
23308,4293010,6850,33770,-9100,892434,1001000,652900,479097,990000,-10000,8196183,8237270,8146990,32,5080,0
85909,10464100,64493,144000,-18010,511009,960000,227600,44653,220000,-10000,8205884,8227650,8183280,0,0,0
85420,10353900,113839,174000,42260,369180,546700,205400,46049,140000,-10000,8217497,8232860,8196960,0,0,0
84994,10295600,153500,222700,84200,312549,432800,151700,50514,160000,-10000,8215414,8233240,8195230,0,0,0
76589,10500200,189215,256300,118600,257947,420200,127300,198931,990000,-10000,8182203,8202770,8159400,0,0,0
52894,11322100,174575,250500,124900,368854,553900,164200,326014,990000,-10000,8140925,8165140,8112360,2,2540,0
8751,3343820,87547,134900,47120,846697,1001000,447000,485978,990000,-10000,8122605,8143650,8083720,79,12700,0
47715,12933900,78895,134900,24610,645503,1001000,332600,372771,1000000,-10000,8077596,8112950,8050000,2,2540,0
65986,11900100,118027,181800,39640,543458,986000,262500,226590,1000000,-10000,8061159,8093270,8047680,0,0,0
49591,12874200,115617,175200,68350,623537,824000,229800,391750,1000000,-10000,8132731,8184610,8090590,0,0,0
65896,12116400,94834,150300,42330,575175,990000,308400,226472,970000,-10000,8204544,8241670,8184320,0,0,0
87030,10519100,132176,221500,34750,376073,754400,135200,65646,580000,-10000,8226143,8242880,8206900,0,0,0
77649,10843500,143039,214100,77120,385271,700500,114200,276882,970000,-10000,8226175,8253570,8198790,0,0,0
24139,11309100,56825,108800,32680,896192,1001000,636800,518678,1000000,-10000,8218789,8252810,8186210,2,2540,0
32930,9774070,68642,121900,27690,869983,1001000,609900,527975,1000000,-10000,8146867,8197560,8117430,23,2540,0
9216,2879430,48239,73560,20180,1000996,1001000,995000,503229,990000,-10000,8121743,8142550,8102500,85,2540,0
17590,6377680,44165,73480,18760,947645,1001000,714800,509618,990000,-10000,8177691,8212300,8136680,7,2540,0
74539,11104400,108539,179900,47060,648632,1001000,345500,143721,820000,-10000,8178296,8208230,8155950,0,0,0
76152,12744500,157911,223700,94800,386981,584900,208300,258381,940000,-10000,8122884,8156360,8098290,0,0,0
75267,11496500,186086,253100,119300,324694,460400,180200,293681,960000,-10000,8119827,8133360,8107450,0,0,0
84831,11466300,200766,269800,112700,290183,551500,96400,197931,810000,-10000,8118364,8146590,8088650,0,0,0
76558,10479100,158321,214500,111200,478658,853000,143500,201900,990000,-10000,8110765,8138620,8080470,0,0,0
57839,11963300,122033,176000,75520,561428,740700,330600,308153,980000,-10000,8133791,8147210,8119370,9,2540,0
70067,13258400,140150,204500,70270,551077,703900,271500,265560,970000,-10000,8131208,8154090,8109010,0,0,0
72986,12862800,149353,211900,85600,447103,709200,266800,243389,950000,-10000,8150994,8170280,8125210,0,0,0
28717,10959500,108716,177400,75490,640481,985000,372600,455493,1000000,-10000,8142260,8169350,8121510,0,0,0
49580,12067600,102500,147800,70950,670574,1001000,455900,488905,1000000,-10000,8129665,8154430,8112840,21,2540,0
72006,13483600,146391,218600,81500,420619,625600,219900,237550,950000,-10000,8167194,8202820,8135830,0,0,0
64864,12539100,164178,248200,105100,372132,579600,185200,306618,990000,-10000,8195524,8209070,8177300,0,0,0
69545,12472400,173376,256800,105500,331959,522100,140400,316889,990000,-10000,8167400,8191670,8142410,0,0,0
66579,12686700,130061,183000,84200,624217,847000,438000,400965,990000,-10000,8193577,8208520,8172530,2,2540,0
81919,12996800,151537,226100,83700,682923,1001000,358600,250863,970000,-10000,8194900,8216530,8171320,39,5080,0
86679,10418300,198118,272000,116200,347579,703300,144900,150396,980000,-10000,8195940,8207390,8179940,0,0,0
76933,11002900,206791,255000,159900,316524,575000,201300,329743,950000,-10000,8214677,8248480,8189780,0,0,0
88937,10359300,191571,245100,137000,422370,630800,269200,61813,600000,-10000,8248702,8264240,8233260,0,0,0
86714,11321400,204139,279800,131900,393051,575600,176200,126222,960000,-10000,8206682,8235060,8186170,0,0,0
66075,10967800,194518,283200,139000,497643,923000,257500,292742,1000000,-10000,8195811,8223280,8172010,12,2540,0
58306,11474700,186100,252500,123400,499855,763900,226000,315007,980000,-10000,8173363,8198140,8155350,0,0,0
64534,13735500,214958,283100,172300,335330,438800,207600,382500,1000000,-10000,8159160,8166160,8152880,0,0,0
80811,10274300,242025,309800,185800,298121,430200,184400,148340,1000000,-10000,8157777,8169660,8145480,0,0,0
78376,11542900,260424,335700,194800,206382,289400,111600,275889,980000,-10000,8171121,8181380,8151540,0,0,0
86218,10360700,245610,327500,169800,313726,740900,140000,153840,970000,-10000,8171416,8200690,8142250,26,5080,0
68815,12334100,210904,289300,150000,459861,787200,215200,340965,990000,-10000,8206795,8231230,8183110,0,0,0
59700,12678300,165040,232700,123900,701491,1000000,369100,364078,1000000,-10000,8190798,8229440,8152090,145,22860,0
89103,11654500,192178,270000,96000,348346,675400,145600,78782,650000,-10000,8148482,8164380,8129420,0,0,0
91408,10503600,236499,313700,153000,229641,377100,106800,53382,170000,-10000,8147349,8167990,8121200,0,0,0
89399,10581200,255041,322100,180500,149357,287100,72070,85119,530000,-10000,8148203,8182940,8132110,0,0,0
86865,10320000,245158,300500,200400,264508,514200,132500,65819,320000,-10000,8209130,8234630,8183000,0,0,0
86160,10041400,243889,323800,166600,403234,674800,197700,69645,290000,-10000,8235140,8253830,8217050,0,0,0
87076,11487900,275664,354000,203800,261789,528000,97900,123069,580000,-10000,8226356,8255170,8211470,0,0,0
44711,12314400,204782,237500,175800,566331,772500,269800,377389,990000,-10000,8262366,8289660,8236250,0,0,0
76397,9984410,261060,363400,161500,402737,795300,115000,339347,1000000,-10000,8198062,8236050,8162880,5,2540,0
42427,13123200,218368,269100,148100,391303,829000,171700,467349,990000,-10000,8211065,8241070,8179510,7,2540,0
60730,13384800,230223,317000,174100,395330,536500,195200,299493,990000,-10000,8202821,8222850,8193340,0,0,0
54183,11522100,246146,324900,182400,312611,501500,145200,356868,990000,-10000,8175774,8208130,8157580,0,0,0
62727,12024100,226534,288400,163900,371769,665600,220600,332143,990000,-10000,8197557,8235840,8165810,0,0,0
87757,10345100,239335,317300,160400,344411,629500,134900,89889,720000,-10000,8223249,8236360,8206980,0,0,0
88320,10251300,247004,316700,182700,278109,782800,128900,61514,400000,-10000,8247020,8268360,8230580,0,0,0
76682,10001200,223456,322600,149400,523033,1000000,155000,210572,990000,-10000,8244114,8267670,8206140,2,2540,0
73152,11624900,207695,307200,117000,532236,998000,135400,269165,1000000,-10000,8224024,8248870,8206320,0,0,0
43471,10045500,187602,238500,149600,604542,1000000,376800,488361,990000,-10000,8224683,8236300,8205520,28,2540,0
37878,10886800,176205,234800,144100,851886,1000000,449400,517127,1000000,-10000,8199789,8227470,8173280,34,2540,0
44580,12849800,182959,232700,150800,701189,1000000,434000,492227,990000,-10000,8186622,8194780,8173280,9,2540,0
65128,13841000,226715,301200,171200,345837,547700,147200,331833,920000,-10000,8185561,8191240,8178380,0,0,0
68443,12804000,249933,321300,195700,264751,458700,148000,251722,940000,-10000,8183653,8194080,8171850,0,0,0
74798,13022800,241103,317300,176500,312494,487600,145400,258660,980000,-10000,8173261,8192000,8158210,0,0,0
68161,13056800,250616,336600,153100,239461,547700,57400,220236,940000,-10000,8151046,8181570,8127050,0,0,0
87922,10261200,238776,299600,174100,242273,412500,132900,85049,400000,-10000,8172953,8195500,8142800,0,0,0
69170,11539900,228227,318400,151300,374336,697700,129000,194694,930000,-10000,8196290,8206960,8183750,0,0,0
81651,11911500,273648,345900,189000,175201,336900,86200,139308,780000,-10000,8188093,8203750,8168620,0,0,0
79624,12439000,286978,357800,216200,131517,230900,54600,179403,890000,-10000,8125252,8169830,8087730,0,0,0
82972,11853300,230598,293400,169500,276479,489500,118100,124421,710000,-10000,8137973,8178190,8099820,0,0,0
84684,10268400,233413,312700,145500,268612,476700,138000,92125,600000,-10000,8163310,8179620,8142540,0,0,0
82219,10330800,241897,312600,171200,166295,254200,103600,110417,700000,-10000,8193472,8215540,8164550,0,0,0
81959,10196700,215749,278600,148000,331887,488100,174100,138035,970000,-10000,8222295,8241140,8203430,0,0,0
59655,11848900,222386,309900,161200,417413,822000,111600,255021,990000,-10000,8202034,8211780,8194970,0,0,0
68048,12250500,230887,334700,142500,494267,1000000,128300,267535,890000,-10000,8161269,8194960,8138580,0,0,0
64854,11416400,237491,309500,171300,375805,687600,231800,223452,1000000,-10000,8198545,8239940,8167090,0,0,0
57751,10478800,229823,328700,162400,474639,713800,135500,421928,1000000,-10000,8232169,8248330,8220050,0,0,0
64115,12575200,241160,328600,190900,435959,748500,214700,348761,1000000,-10000,8225516,8236660,8206230,4,2540,0
55147,11185700,247198,322900,200500,363523,535500,194800,288493,1000000,-10000,8224379,8241660,8213750,0,0,0
60349,11441800,261665,338100,209100,288644,422800,122900,239728,990000,-10000,8232725,8245020,8218370,0,0,0
60656,12359600,261652,340700,203700,317815,638600,175900,279146,970000,-10000,8216354,8234790,8193060,12,2540,0
58541,11941900,262923,340700,191400,282496,634200,117600,304024,990000,-10000,8193903,8211000,8175480,7,2540,0
62454,11665300,229801,317700,156100,406703,764600,120000,270333,990000,-10000,8214396,8243430,8195980,0,0,0
77020,10897000,229728,314700,138900,476309,825000,257300,168215,890000,-10000,8214264,8235820,8197080,0,0,0
44904,10317900,261640,320400,203900,222980,430300,120100,434667,1000000,-10000,8206399,8218130,8200580,0,0,0
82204,10019800,241739,321300,180900,329703,605000,188500,70451,520000,-10000,8215012,8230150,8194030,0,0,0
74114,11473000,212112,269600,164900,608455,1000000,394800,170104,940000,-10000,8217607,8236300,8204980,49,10160,0
68389,11601200,216286,284700,168000,649112,990000,321100,189561,910000,-10000,8206574,8232430,8177730,0,0,0
72264,11064100,229641,314400,151300,504396,967000,187800,138868,750000,-10000,8174725,8199690,8158490,0,0,0
35841,10274000,240582,309300,191800,324401,564500,157600,385458,990000,-10000,8172833,8190870,8155270,0,0,0
69721,10489300,260218,331900,182800,243838,600400,74710,196701,940000,-10000,8191066,8219080,8175010,0,0,0
62434,12422400,246521,325300,185300,297699,634200,133200,364382,1000000,-10000,8226559,8239770,8207070,0,0,0
68830,11042600,247738,334400,168700,386610,714000,147700,180556,860000,-10000,8192805,8238460,8158600,2,2540,0
44743,11761700,190973,224300,155700,415759,655500,232100,504306,1000000,-10000,8221617,8246400,8176100,0,0,0
34343,8476610,177782,213200,142700,583031,792500,455400,522076,1000000,-10000,8213487,8524720,8199930,0,0,0
46347,13743100,190912,254700,136200,692392,1000000,411400,374486,990000,-10000,8190154,8204620,8173020,0,0,0
70220,11952900,221197,303800,153400,462367,962000,226200,189194,970000,-10000,8180171,8198350,8160920,0,0,0
58949,11546400,235620,302500,182200,365755,701000,198100,225333,930000,-10000,8168616,8192960,8151940,5,2540,0
70909,9988860,253782,343300,198200,257411,480800,100200,176056,990000,-10000,8163683,8175350,8139510,9,2540,0
58312,12204000,245190,321000,190500,278217,412400,119500,287653,990000,-10000,8169694,8184640,8155200,0,0,0
64847,11620800,233069,304500,170400,323294,556000,164700,345125,990000,-10000,8191693,8226120,8175570,5,2540,0
75468,9730970,198419,265900,131200,411162,704700,222800,79063,530000,-10000,8224596,8234250,8209570,0,0,0
79648,11366000,224899,300100,155500,253876,564100,106500,102139,680000,-10000,8213700,8229720,8194190,0,0,0
78369,9811770,226836,309000,133400,269861,625800,98100,62049,410000,-10000,8205241,8232250,8180120,0,0,0
60167,11074300,243557,314900,181400,182215,374600,101400,280535,1000000,-10000,8202131,8227580,8186410,0,0,0
67633,12048500,210997,304200,147600,377841,824000,135400,228924,980000,-10000,8224374,8255240,8205600,86,5080,0
70516,9663720,229197,303600,161200,303956,513300,169400,130764,970000,-10000,8205674,8223650,8186530,0,0,0
44985,10974500,208674,286400,143200,386749,789700,187200,325778,1000000,-10000,8194201,8224400,8180320,0,0,0
50913,10849300,144496,255400,81200,819117,1000000,322200,329708,1000000,-10000,8202563,8244550,8167230,56,2540,0
75406,9517460,151690,230100,84100,568876,1000000,261500,49500,150000,-10000,8200340,8237670,8181100,0,0,0
68618,9634390,216382,300100,126600,314649,541400,115100,164937,980000,-10000,8175022,8200600,8151600,0,0,0
56136,11178400,243371,306400,203200,203079,291900,102100,352444,990000,-10000,8152349,8162150,8136720,0,0,0
32983,8182620,218202,275700,155500,279322,574600,144300,388611,1000000,-10000,8178511,8216160,8144620,0,0,0
21390,9456770,152085,180300,115600,648802,997000,367600,486688,1000000,-10000,8218048,8235030,8198320,44,2540,0
48241,11170900,133818,192900,96600,672543,1000000,409200,265007,990000,-10000,8223730,8242120,8213720,11,2540,0
58899,11000300,160734,236000,107900,555215,833000,283300,169569,990000,-10000,8192005,8213660,8172630,19,2540,0
65936,11466800,196790,269300,109300,327899,579400,174700,201008,950000,-10000,8186652,8197810,8172210,0,0,0
45215,11851400,207902,280500,159800,306775,513200,157800,364840,990000,-10000,8210696,8248270,8190390,0,0,0
38770,9641250,184614,262700,133100,444209,755600,215100,402910,1000000,-10000,8244190,8266020,8227480,7,2540,0
61352,9261370,190120,259500,140200,469335,831000,243800,149736,890000,-10000,8246399,8257060,8229660,0,0,0
66293,10309600,186644,247500,126200,554053,699700,368000,201042,840000,-10000,8233410,8243730,8216850,0,0,0
64222,9055390,199388,282200,126600,531077,768800,276500,123806,960000,-10000,8208028,8228340,8185470,0,0,0
46053,10605200,213404,277100,158300,433742,753200,262600,308479,1000000,-10000,8175862,8197450,8155950,2,2540,0
48382,11604400,221412,296100,160800,333269,587700,162300,247243,970000,-10000,8151851,8168050,8134870,0,0,0
52262,11134300,203928,282900,145400,398922,606400,180600,211743,930000,-10000,8122421,8140600,8092840,0,0,0
64235,9235570,208994,299000,132200,306993,581900,104000,98875,780000,-10000,8129948,8153520,8109260,0,0,0
50765,11558900,180249,242200,145100,622682,1000000,384800,302819,990000,-10000,8170663,8191410,8152070,0,0,0
47572,10965600,199606,283500,128400,477083,1000000,119200,292931,1000000,-10000,8176601,8194700,8164750,0,0,0
68946,9097780,223775,302300,150500,162685,331200,74530,48278,180000,-10000,8172143,8195500,8144220,0,0,0
64805,9030410,162990,219700,81200,341677,623600,165400,105785,920000,-10000,8218283,8271130,8166000,0,0,0
67597,8981250,165763,263600,57980,357155,675200,127200,42220,150000,-10000,8230206,8267890,8196150,0,0,0
51549,9573480,226949,309000,138500,132027,231400,71230,288042,1000000,-10000,8174927,8202340,8146190,0,0,0
52054,11293700,170939,220500,99200,423895,1000000,201500,188789,990000,-10000,8174549,8210620,8141640,12,2540,0
19327,5202020,103348,155500,85500,934011,1000000,608000,418771,1000000,-10000,8216116,8242220,8199580,19,2540,0
53360,9315700,148471,228600,75150,672819,1000000,341500,198090,990000,-10000,8187765,8222630,8153610,0,0,0
47230,11037000,152266,215300,103500,447957,566300,288100,263590,940000,-10000,8185576,8208100,8161850,0,0,0
62313,8534550,143623,208500,77440,431043,720000,270600,45583,260000,-10000,8205800,8218950,8187700,0,0,0
57569,9882730,167746,248400,89600,323176,579200,131100,100313,530000,-10000,8190590,8213730,8166220,0,0,0
62955,8546070,223861,301600,122900,165753,279700,111900,60736,400000,-10000,8181521,8197560,8168730,0,0,0
61483,8534140,239574,304200,177200,155377,227000,89700,45701,190000,-10000,8207599,8226590,8193580,0,0,0
39888,8572770,241440,296400,200500,143754,220900,88600,446611,1000000,-10000,8198316,8218480,8183650,0,0,0
34409,10580800,214321,260500,174900,290546,478700,199400,355778,1000000,-10000,8175318,8189190,8166380,0,0,0
44724,10857000,161701,214500,113100,633514,1001000,392600,212417,970000,-10000,8154352,8177140,8118490,0,0,0
52430,9314650,186929,297200,113200,409977,892000,99900,124299,850000,-10000,8098652,8132060,8060970,0,0,0
50589,11396200,125530,198700,53310,316566,678600,154200,145931,990000,-10000,8171964,8245830,8129280,0,0,0
59417,8302250,124962,184800,75940,390591,561900,251500,41190,360000,-10000,8269116,8289050,8245950,0,0,0
59032,8235640,160783,234100,85700,281373,438100,163100,41611,290000,-10000,8258132,8279440,8239430,0,0,0
58482,8211060,183125,261700,100200,246798,413200,128000,45958,400000,-10000,8216323,8243140,8195490,0,0,0
56997,8069850,191304,266600,136900,235298,365100,139400,45701,550000,-10000,8243897,8260280,8220820,0,0,0
54740,8161250,178759,248800,96800,326840,545600,218700,86423,560000,-10000,8239798,8260090,8220450,0,0,0
26161,10113400,166551,214600,136800,448138,613400,334900,375150,1000000,-10000,8215674,8228830,8201790,0,0,0
51347,8792990,184865,249100,128900,340896,465500,214100,79736,600000,-10000,8186588,8203520,8168110,0,0,0
50691,10859600,193472,260400,144000,308088,459800,179900,126493,780000,-10000,8164203,8191930,8111220,0,0,0
54893,9502710,170298,254300,86600,259150,512900,120000,136979,760000,-10000,8053794,8111230,8011560,0,0,0
56091,8015060,102168,149700,49520,217046,327800,142000,39979,160000,-10000,8091237,8127120,8066110,0,0,0
38622,9715940,113464,167200,49590,233815,378100,149400,238528,1000000,-10000,8131999,8150420,8114710,0,0,0
29793,9863820,62176,114000,28710,742648,1001000,288000,291566,1000000,-10000,8185926,8229750,8145190,49,2540,0
54589,7905310,100154,183400,23570,308663,751200,110200,37243,280000,-10000,8227031,8244960,8210370,0,0,0
51683,7956230,148728,217600,69840,179811,289700,81200,114266,810000,-10000,8227340,8241920,8216440,0,0,0
39596,8864310,157082,224200,99200,237308,317700,153700,256118,980000,-10000,8201489,8227380,8182830,0,0,0
50635,7753140,186727,250700,140400,214639,306300,90900,119285,920000,-10000,8179833,8192990,8163470,0,0,0
40334,9635380,161354,237600,84000,371176,1001000,149600,168657,900000,-10000,8171809,8213910,8142380,0,0,0
12132,2792290,36899,86100,16080,996101,1001000,817000,395644,1000000,-10000,8218657,8232170,8200370,7,2540,0
45781,7381830,157099,239300,36430,288096,1001000,116000,143020,970000,-10000,8181288,8200960,8163260,0,0,0
33077,8959180,192230,265500,123800,180475,284500,110400,305271,1000000,-10000,8134699,8167780,8105510,0,0,0
47176,8692030,200577,276300,137600,175199,249600,107600,95317,680000,-10000,8123374,8137210,8113520,0,0,0
47896,7281530,193232,294300,100900,204070,459200,74640,44382,260000,-10000,8089928,8118510,8061760,0,0,0
45995,7107550,128378,250100,64560,365059,521500,119200,44739,230000,-10000,8067316,8135570,8030900,0,0,0
37257,8470500,95133,156900,44220,408493,795700,245700,133646,830000,-10000,8153632,8189780,8129860,0,0,0
48288,8435890,79136,135400,26890,444018,1001000,158500,49986,400000,-10000,8223064,8277750,8185030,0,0,0
47281,7160890,76716,150400,4780,313876,614500,126000,34513,170000,-10000,8252405,8283230,8202900,0,0,0
42727,7323740,160075,241700,65680,113510,175800,66290,200111,970000,-10000,8192177,8208640,8172530,0,0,0
45061,7071470,180464,262300,97000,119269,181200,68500,42826,200000,-10000,8163829,8189050,8139080,0,0,0
44089,8004270,144468,207200,75490,231698,335900,154600,90729,740000,-10000,8217521,8235510,8189260,0,0,0
40262,7580260,171466,252600,97000,188427,350800,99900,138569,880000,-10000,8211459,8234490,8181300,0,0,0
22403,10391200,163278,219900,123800,290107,401300,209500,290814,1000000,-10000,8189660,8223630,8174140,0,0,0
42857,6776350,156527,218000,102100,260671,423500,153800,37357,190000,-10000,8230377,8247970,8219800,0,0,0
41260,6679580,183312,270500,104200,138917,240500,69120,80806,670000,-10000,8203139,8230910,8171650,0,0,0
24416,6954050,194429,260400,152400,162416,247100,101800,333792,1000000,-10000,8169769,8183330,8159520,0,0,0
33328,8423980,172741,235500,75550,319213,942000,157200,123905,960000,-10000,8186983,8233060,8156890,0,0,0
28148,6966830,136146,231300,33210,525584,1001000,168600,297514,1000000,-10000,8185992,8229550,8120530,0,0,0
41431,6515240,180830,254400,102300,210862,394700,89500,55511,410000,-10000,8108756,8139340,8091950,0,0,0
33845,6688860,115030,177400,66520,376316,614600,244600,124007,870000,-10000,8136278,8182100,8110100,0,0,0
34131,6227700,94981,151000,61380,543613,811000,339000,81660,810000,-10000,8238875,8271440,8182300,2,2540,0
40114,6420850,119000,198700,52380,273732,529800,106100,31694,150000,-10000,8280853,8290990,8265640,0,0,0
38229,6178460,127673,199800,66020,253116,356100,158300,43535,360000,-10000,8258623,8285690,8229680,0,0,0
21596,7481780,121641,185700,89700,405912,605700,238200,262743,990000,-10000,8199301,8230150,8171030,0,0,0
34644,7463950,136862,204800,86600,334138,577600,183100,95999,530000,-10000,8167667,8191110,8144690,0,0,0
36855,6013470,116495,157000,57820,295573,416900,193700,30042,140000,-10000,8248340,8286620,8190130,0,0,0
36419,6153160,103812,174700,41810,289704,442100,146300,56780,430000,-10000,8284622,8299270,8267400,0,0,0
37084,6046400,133764,216700,64710,182609,280000,101700,31243,170000,-10000,8243395,8267360,8222520,0,0,0
35881,5897280,133477,187200,65770,247713,425900,141700,35690,290000,-10000,8257695,8290260,8228210,0,0,0